id	utterance	slot_labels	intent
2	atlanta ' dan boston ' a 31 agustos ' taki en ucuz tarifeyi soyleyebilir misin	B-fromloc.city_name O O B-toloc.city_name O O B-depart_date.day_number B-depart_date.month_name O O B-cost_relative I-cost_relative O O O	atis_airfare
3	philadelphia ' dan boston ' a dl 106 ucusunun fiyati ne	B-fromloc.city_name O O B-toloc.city_name O O B-airline_code B-flight_number O O O	atis_airfare
5	boston ' dan oakland ' a united airlines fiyati ne	B-fromloc.city_name O O B-toloc.city_name O O B-airline_name I-airline_name O O	atis_airfare
10	boston ve atlanta arasinda en ucuz delta coach fiyati ne	B-fromloc.city_name O B-toloc.city_name O O O B-airline_name B-class_type O O	atis_airfare
17	pittsburgh ' dan atlanta ' ya tek yon ucreti verebilir misin	B-fromloc.city_name O O B-toloc.city_name O O B-round_trip I-round_trip O O O	atis_airfare
18	atlanta ' dan baltimore ' a tarifeleri ver	B-fromloc.city_name O O B-toloc.city_name O O O O	atis_airfare
20	denver ve pittsburgh arasindaki fiyat ne	B-fromloc.city_name O B-toloc.city_name O O O	atis_airfare
21	bana atlanta ' dan dallas ' a tek yon en ucuz biletleri goster	O B-fromloc.city_name O O B-toloc.city_name O O B-round_trip I-round_trip B-cost_relative I-cost_relative O O	atis_airfare
22	dallas ' tan baltimore ' a olan ucuslarin fiyatlari neler	B-fromloc.city_name O O B-toloc.city_name O O O O O O	atis_airfare
23	boston ' dan oakland ' a en ucuz tek yon fiyati soyler misin	B-fromloc.city_name O O B-toloc.city_name O O O B-cost_relative B-round_trip I-round_trip O O O	atis_airfare
29	washington ' dan montreal ' a ucus ne kadar	B-fromloc.city_name O O B-toloc.city_name O O O O O	atis_airfare
30	atlanta ' dan pittsburgh ' a tek yon en ucuz ucuslar neler	B-fromloc.city_name O O B-toloc.city_name O O B-round_trip I-round_trip B-cost_relative O O O	atis_airfare
41	denver ' dan boston ' a temmuz yirmibes 1991 ' de bilet fiyati ne	B-fromloc.city_name O O B-toloc.city_name O O B-depart_date.month_name B-depart_date.day_number B-depart_date.year O O O O O	atis_airfare
43	bana dallas ' tan baltimore ' a en ucuz fiyatlari goster	O B-fromloc.city_name O O B-toloc.city_name O O B-cost_relative I-cost_relative O O	atis_airfare
44	indianapolis ' ten seattle ' a en ucus fiyat	B-fromloc.city_name O O B-toloc.city_name O O B-cost_relative O O	atis_airfare
45	philadelphia ' dan butun ucuslar ve fiyatlar	B-fromloc.city_name O O O O O O	atis_airfare
46	dallas ' tan denver ' a gidis donus first class fiyati ne	B-fromloc.city_name O O B-toloc.city_name O O B-round_trip O B-class_type I-class_type O O	atis_airfare
53	denver ' dan pittsburgh ' a en ucuz bilet ne	B-fromloc.city_name O O B-toloc.city_name O O B-cost_relative I-cost_relative B-round_trip I-round_trip	atis_airfare
54	bir agustos ' a tlanta ' dan philadelphia ' ya butun ucuslarin bilet fiyatlarini listele lutfen	B-depart_date.day_number B-depart_date.month_name O B-fromloc.city_name I-fromloc.city_name O O B-toloc.city_name O O O O O O O O	atis_airfare
57	boston ile washington arasinda birinci sinif gidis donus ucreti ne kadardir	B-fromloc.city_name O B-toloc.city_name O B-class_type I-class_type B-round_trip O O O O	atis_airfare
61	atlanta ' dan boston ' a tek yon en ucuz fiyat ne	B-fromloc.city_name O O B-toloc.city_name O O B-round_trip I-round_trip B-cost_relative I-cost_relative O O	atis_airfare
62	baltimore ' dan denver ' a birinci sinif ucus ucretini ogrenmek istiyorum	B-fromloc.city_name O O B-toloc.city_name O O B-class_type I-class_type O O O O	atis_airfare
73	indianapolis ' ten memphis ' e birinci sinif gidis donus tarife	B-fromloc.city_name O O B-toloc.city_name O O B-class_type I-class_type B-round_trip O O	atis_airfare
76	baltimore ' dan dallas ' a olan first class ucuslari tekrar goster	B-fromloc.city_name O O B-toloc.city_name O O O B-class_type I-class_type O O O	atis_airfare
167	indianapolis ' ten seattle ' a en ucus fiyat	B-fromloc.city_name O O B-toloc.city_name O O B-cost_relative O O	atis_airfare
191	baltimore ' dan philadelphia ' ya 1000 dolarin altinda gidis donus bilet fiyatlari	B-fromloc.city_name O O B-toloc.city_name O O B-fare_amount O B-cost_relative B-round_trip O O O	atis_airfare
327	bana dallas ' tan baltimore ' a en ucuz fiyatlari goster	O B-fromloc.city_name O O B-toloc.city_name O O B-cost_relative I-cost_relative O O	atis_airfare
393	persembe gunleri pittsburgh ' dan atlanta ' ya ilk ucuslar ve tarifeleri	B-depart_date.day_name O B-fromloc.city_name O O B-toloc.city_name O O B-flight_mod O O O	atis_flight airfare
396	indianapolis ' ten orlando ' ya 27 aralik icin ucus ve tarifelerini ver	B-fromloc.city_name O O B-toloc.city_name O O B-depart_date.day_number B-depart_date.month_name O O O O O	atis_flight airfare
422	cincinnati ' den tampa ' ya en kisa sabah ucuslari	B-fromloc.city_name O O B-toloc.city_name O O B-flight_mod I-flight_mod B-depart_time.period_of_day O	atis_flight
423	houston ' dan dallas ' a en son ucus ne	B-fromloc.city_name O O B-toloc.city_name O O O B-flight_mod O O	atis_flight
424	sali aksami charlotte ' dan newark ' a ucus var mi	B-depart_date.day_name B-depart_time.period_of_day B-fromloc.city_name O O B-toloc.city_name O O O O O	atis_flight
425	boston ' dan atlanta ' ya haftanin herhangi bir gunu en erken ucusu bul	B-fromloc.city_name O O B-toloc.city_name O O O O O B-flight_mod I-flight_mod I-flight_mod I-flight_mod O	atis_flight
434	miami ' den new york ' a tower air ile cumartesi donus	B-fromloc.city_name O O B-toloc.city_name I-toloc.city_name O O B-airline_name I-airline_name O B-depart_date.day_name O	atis_flight
446	newark ' dan tampa ' ya cuma gunku ucuslar	B-fromloc.city_name O O B-toloc.city_name O O B-depart_date.day_name O O	atis_flight
450	atlanta ' dan 7 agustos ' ta kalkip denver ' a varan en gec ucusu bul	B-fromloc.city_name O O B-depart_date.day_number B-depart_date.month_name O O O B-toloc.city_name O O B-flight_mod I-flight_mod I-flight_mod O O	atis_flight
451	los angeles ' tan pittsburgh ' a pazartesi aksam olan ucuslari goster	B-fromloc.city_name I-fromloc.city_name O O B-toloc.city_name O O B-depart_date.day_name B-depart_time.period_of_day O O O	atis_flight
454	boston ' dan denver ' a carsamba ogleden once varan en kisa ucuslari goster	B-fromloc.city_name O O B-toloc.city_name O O B-arrive_date.day_name B-arrive_time.time B-arrive_time.time_relative O B-flight_mod I-flight_mod O O	atis_flight
455	orlando ' dan kansas city ' ye olan ucuslar neler	B-fromloc.city_name O O B-toloc.city_name I-toloc.city_name O O O O O	atis_flight
457	new york city ' den las vegas ' a pazar ucuslari	B-fromloc.city_name I-fromloc.city_name I-fromloc.city_name O O B-toloc.city_name I-toloc.city_name O O B-depart_date.day_name O	atis_flight
458	pittsburgh ' dan new york ' a ogleden sonra 5 ' ye kalkan bir ucusa ihtiyacim var	B-fromloc.city_name O O B-toloc.city_name I-toloc.city_name O O O O B-depart_time.time O O O O O O O	atis_flight
461	denver ' dan atlanta ' ya ucus bir sey bakiyorum	B-fromloc.city_name O O B-toloc.city_name O O B-flight_mod O O O	atis_flight
462	miami ' den jfk ' e butun ucuslari goster	B-fromloc.city_name O O B-toloc.airport_code O O O O O	atis_flight
466	denver ' dan atlanta ' ya tek yon olan en ucuz ucuslar neler	B-fromloc.city_name O O B-toloc.city_name O O O B-round_trip I-round_trip B-cost_relative I-cost_relative O O	atis_flight
467	boston ' dan washington dc ' ye 11 kasim ogleden sonra 5 ' ten sonraki butun ekonomi sinifi ucuslar	B-fromloc.city_name O O B-toloc.city_name B-toloc.state_code O O B-depart_date.day_number B-depart_date.month_name B-depart_time.time_relative I-depart_time.time_relative B-depart_time.time O O O O B-economy I-economy O	atis_flight
469	denver ' dan oakland ' a en ucuz ucma yolu ne	B-fromloc.city_name O O B-toloc.city_name O O B-cost_relative I-cost_relative O O O	atis_flight
471	orlando ' dan cleveland ' a aksam gec bir saatte ucmak us air istiyorum musait ne var	B-fromloc.city_name O O B-toloc.city_name O O B-depart_time.period_of_day B-depart_time.period_mod O O O B-airline_name I-airline_name O O O O	atis_flight
472	baltimore ' dan boston ' a en son ucuslar neler	B-fromloc.city_name O O B-toloc.city_name O O O B-flight_mod O O	atis_flight
474	boston ' dan philadephia ' a sali ogleden sonra gozuken butun ucuslar	B-fromloc.city_name O O B-toloc.city_name O O B-depart_date.day_name B-depart_time.period_of_day O O O O	atis_flight
476	seattle ' dan denver ' a duraklamasiz ucuslar	B-fromloc.city_name O O B-toloc.city_name O O B-flight_stop O	atis_flight
479	boston ' dan oakland ' a united airlines kullanan butun gunluk ucuslari listele	B-fromloc.city_name O O B-toloc.city_name O O B-airline_name I-airline_name O O B-flight_days O O	atis_flight
484	memphis ' den seattle ' a butun ucuslari listele	B-fromloc.city_name O O B-toloc.city_name O O O O O	atis_flight
489	boston ' dan dallas ' a temmuz yedi aksam ayrilan en son ucuslar neler	B-fromloc.city_name O O B-toloc.city_name O O B-depart_date.month_name B-depart_date.day_number B-depart_time.period_of_day O O B-flight_mod O O	atis_flight
491	simdi bana denver ' dan atlanta ' ya ucuslari goster	O O B-fromloc.city_name O O B-toloc.city_name O O O O	atis_flight
493	atlanta ' dan denver ' a gidis donus olan en ucuz ucuslar neler	B-toloc.city_name O O B-fromloc.city_name O O B-round_trip I-round_trip O B-cost_relative I-cost_relative O O	atis_flight
494	atlanta ' dan dallas ' a olan ucuslar neler	B-fromloc.city_name O O B-toloc.city_name O O O O O	atis_flight
498	bana salt lake city ' den phoenix ' e olan son ucusu goster	O B-fromloc.city_name I-fromloc.city_name I-fromloc.city_name O O B-toloc.city_name O O O B-flight_mod O O	atis_flight
499	bana pittsburgh ' dan ogleden sonra 12 ve 4 arasi ayrilan eastern airlines ucuslarini goster	O B-fromloc.city_name O O B-depart_time.period_of_day I-depart_time.period_of_day B-depart_time.start_time O B-depart_time.end_time O O B-airline_name I-airline_name O O	atis_flight
501	newark ' dan boston ' a ucuslar	B-fromloc.city_name O O B-toloc.city_name O O O	atis_flight
502	atlanta ' dan boston ' a eylul bes persembe ayrilan ilk ucus ne	B-fromloc.city_name O O B-toloc.city_name O O B-depart_date.month_name B-depart_date.day_number B-depart_date.day_name O B-flight_mod O O	atis_flight
503	denver aktarmali butun united havayollari ucuslari	B-stoploc.city_name O O B-airline_name O O	atis_flight
504	carsamba sabah boston ' dan denver ' a ucuslari goster	B-depart_date.day_name B-depart_time.period_of_day B-fromloc.city_name O O B-toloc.city_name O O O O	atis_flight
505	bana indianapolis ' ten houston ' a 11 am civarinda varan twa ucuslarini goster	O B-fromloc.city_name O O B-toloc.city_name O O B-arrive_time.time I-arrive_time.time B-arrive_time.time_relative O B-airline_code O O	atis_flight
508	denver ' dan atlanta ' ya mumkunse pittsburgh uzerinden gidis donus seyahat etmek istiyorum	B-fromloc.city_name O O B-toloc.city_name O O O B-stoploc.city_name O B-round_trip O O O O	atis_flight
512	bana baltimore ' dan dallas ' a butun ucuslari goster	O B-fromloc.city_name O O B-toloc.city_name O O O O O	atis_flight
513	denver ' dan pittsburgh ' a en ucuz gidis donus ucuslari gosterebilir misin	B-fromloc.city_name O O B-toloc.city_name O O B-cost_relative I-cost_relative B-round_trip I-round_trip O O O	atis_flight
515	bana boston ' dan atlanta ' ya olan ucuslari goster	O B-fromloc.city_name O O B-toloc.city_name O O O O O	atis_flight
517	boston ' dan dallas fort worth ' e 5 pm ' den once hangi ucuslar	B-fromloc.city_name O O B-toloc.city_name I-toloc.city_name I-toloc.city_name O O B-arrive_time.time I-arrive_time.time O O B-arrive_time.time_relative O O	atis_flight
519	agustos 6 aksami pittsburgh ' dan atlanta ' ya ucuslari listele	B-depart_date.month_name B-depart_date.day_number B-depart_time.period_of_day B-fromloc.city_name O O B-toloc.city_name O O O O	atis_flight
520	boston ' dan denver ' a sabah erkenden ucmak istiyorum	B-fromloc.city_name O O B-toloc.city_name O O B-depart_time.period_of_day B-depart_time.period_mod O O	atis_flight
522	bana columbus ' tan baltimore ' a olan ucuslari goster	O B-fromloc.city_name O O B-toloc.city_name O O O O O	atis_flight
523	ve oakland ' dan boston ' a gece yarisindan sonra kalkan ucus	O B-fromloc.city_name O O B-toloc.city_name O O B-depart_time.period_of_day O B-depart_time.time_relative O O	atis_flight
536	dallas ' tan denver ' a 3 pm ' den sonra ayrilan hangi ucuslar gider	B-fromloc.city_name O O B-toloc.city_name O O B-depart_time.time I-depart_time.time O O B-depart_time.time_relative O O O O	atis_flight
537	merhaba atlanta ' dan boston ' a bir delta ucusu istiyorum	O B-fromloc.city_name O O B-toloc.city_name O O O B-airline_name O O	atis_flight
545	cuma gunu atlanta ' dan dallas ' a butun ucuslari listele	B-depart_date.day_name O B-fromloc.city_name O O B-toloc.city_name O O O O O	atis_flight
548	new york ' tan toronto ' ya persembe sabah	B-fromloc.city_name I-fromloc.city_name O O B-toloc.city_name O O B-depart_date.day_name B-depart_time.period_of_day	atis_flight
549	miami ' den indianapolis ' e en ucuz ucus	B-fromloc.city_name O O B-toloc.city_name O O B-cost_relative I-cost_relative O	atis_flight
553	tamam denver ' dan pittsburgh ' a ucmak istiyorum	O B-fromloc.city_name O O B-toloc.city_name O O O O	atis_flight
557	new york ' dan montreal kanada ' ya persembe sabah kalkan ucuslarin listesine ihtiyacim var	B-fromloc.city_name I-fromloc.city_name O O B-toloc.city_name B-toloc.country_name O O B-depart_date.day_name B-depart_time.period_of_day O O O O O	atis_flight
558	bana philadelphia ' dan newark ' a olan ucuslari goster	O B-fromloc.city_name O O B-toloc.city_name O O O O O	atis_flight
560	denver ' dan atlanta ' ya pittsburgh yoluyla ucmak istiyorum	B-fromloc.city_name O B-toloc.city_name I-toloc.city_name O O B-stoploc.city_name O O O	atis_flight
563	boston ' dan kalkan ucak	B-fromloc.city_name O O O O	atis_flight
567	phoenix ' ten milwaukee ' ye ne ucuslar var	B-fromloc.city_name O O B-toloc.city_name O O O O O	atis_flight
569	denver ' dan oakland ' a saat 12 ' den sonra varan ucuslari goster	B-fromloc.city_name O O B-toloc.city_name O O B-arrive_time.time I-arrive_time.time O O B-arrive_time.time_relative O O O	atis_flight
570	boston ' dan atlanta ' ya haftanin herhangi bir gunu en erken ucusu bul	B-fromloc.city_name O O B-toloc.city_name O O O O O B-flight_mod I-flight_mod I-flight_mod I-flight_mod O	atis_flight
571	bana denver ' dan philadelphia ' ya onumuzdeki cumartesi ogleden sonra kalkan butun ucuslari goster	O B-fromloc.city_name O O B-toloc.city_name O O B-depart_date.date_relative B-depart_date.day_name B-depart_time.period_of_day I-depart_time.period_of_day O O O O	atis_flight
572	atlanta ' dan baltimore denver ve dallas ' a olan ucuslari goster	B-fromloc.city_name O O B-toloc.city_name B-toloc.city_name O B-toloc.city_name O O O O O	atis_flight
573	tek yon	B-round_trip I-round_trip	atis_flight
575	atlanta ' dan boston ' a ucuslarin listesini verebilir misin	B-fromloc.city_name O O B-toloc.city_name O O O O O O	atis_flight
576	lutfen bana boston ' dan kalkip pittsburgh ' a giden ucuslarin listesini ver	O O B-fromloc.city_name O O O B-toloc.city_name O O O O O O	atis_flight
578	bana atlanta ' dan dallas ' a gidis donus 1100 dolardan az olan butun ucuslari goster	B-toloc.city_name I-toloc.city_name O B-fromloc.city_name I-fromloc.city_name O O O B-round_trip I-round_trip I-round_trip B-cost_relative I-cost_relative O B-fare_amount I-fare_amount	atis_flight
579	denver ' dan philadelphia ' ya cumartesi hangi ucuslar doner	B-fromloc.city_name O O B-toloc.city_name O O B-depart_date.day_name O O O	atis_flight
580	dallas ' tan houston ' a sabah ucuslari	B-fromloc.city_name O O B-toloc.city_name O O B-depart_time.period_of_day O	atis_flight
583	memphis ' ten las vegas ' a direkt pazar ucuslarini ver	B-fromloc.city_name O O B-toloc.city_name I-toloc.city_name O O B-flight_stop B-depart_date.day_name O O	atis_flight
585	dallas ' tan milwaukee ' ye bir aksam ucusu istiyorum	B-fromloc.city_name O O B-toloc.city_name O O O B-depart_time.period_of_day O O	atis_flight
586	baltimore ' dan philadelphia ' ya tekrar bakalim	B-toloc.city_name O B-fromloc.city_name I-fromloc.city_name O O O O	atis_flight
589	bana love field ' a olan son ucusu goster	O B-toloc.airport_name I-toloc.airport_name O O O B-flight_mod O O	atis_flight
590	baltimore ' dan boston ' a alabilecegim en erken ucus ne	B-toloc.city_name O O B-fromloc.city_name O O O B-flight_mod I-flight_mod O O	atis_flight
594	bana baltimore ' dan columbus ' a olan ucuslari goster	O B-fromloc.city_name O O B-toloc.city_name O O O O O	atis_flight
597	boston ' dan kalkip denver ' a giden continental havayollari ' nda bir ucus	B-fromloc.city_name O O O B-toloc.city_name O O O B-airline_name I-airline_name O O O O	atis_flight
598	las vegas ' tan phoenix ' e cumartesi ucuslari	B-fromloc.city_name I-fromloc.city_name O O B-toloc.city_name O O B-depart_date.day_name O	atis_flight
606	bana milwaukee orlando arasindaki butun gunluk ucuslari goster	O B-fromloc.city_name B-toloc.city_name O O B-flight_days O O	atis_flight
607	kansas city ' den atlanta ' ya pazartesi 10 am ' den once hangi ucuslar	B-fromloc.city_name I-fromloc.city_name O O B-toloc.city_name O O B-arrive_date.day_name B-arrive_time.time I-arrive_time.time O O B-arrive_time.time_relative O O	atis_flight
608	philadelphia ' dan dallas icin ogleden once hangi american airlines ucuslari ayrilir	B-fromloc.city_name O O B-toloc.city_name O B-depart_time.time B-depart_time.time_relative O B-airline_name I-airline_name O O	atis_flight
611	atlanta ' dan philadelphia ' ya giden kahvalti hizmeti veren nelerin var	B-fromloc.city_name O O B-toloc.city_name O O O B-meal_description O O O O	atis_flight
616	atlanta ' dan american kalkislarini goster	B-fromloc.city_name O O B-airline_name O O	atis_flight
617	bana dallas ' dan baltimore ' a agustos ucte olan ucuslari goster	O B-fromloc.city_name O O B-toloc.city_name O O B-depart_date.month_name B-depart_date.day_number O O O	atis_flight
618	general mitchell international ' da herhangi bir sehir yerinden hangi ucuslar	B-toloc.airport_name O O O O O O O O O O	atis_flight
621	general mitchell international ' daki butun inisleri ve kalkislari listele	B-airport_name I-airport_name O O O O O O O O	atis_flight
626	simdi fort worth ' ten kalkip onumuzdeki pazartesi saat 2 ' den once denver ' a varan bir ucusa ihtiyacim var	O B-fromloc.city_name I-fromloc.city_name O O O B-arrive_date.date_relative B-arrive_date.day_name B-arrive_time.time I-arrive_time.time O O B-arrive_time.time_relative B-toloc.city_name O O O O O O O	atis_flight
629	boston ' dan pittsburgh ' a sabah en erken ucus ne	B-fromloc.city_name O O B-toloc.city_name O O B-depart_time.period_of_day B-flight_mod I-flight_mod O O	atis_flight
631	pittsburgh ' dan atlanta ' ya olan en ucuz ucuslar neler	B-fromloc.city_name O O B-toloc.city_name O O O B-cost_relative I-cost_relative O O	atis_flight
633	bana pazartesi dallas ' dan pittsburgh ' a aksam saat 8 ' den sonra ayrilan butun ucuslari goster	O B-depart_date.day_name B-fromloc.city_name O O B-toloc.city_name O O O B-depart_time.time O O O B-depart_time.time_relative O O O O	atis_flight
638	pittsburgh ' dan kalkip denver ' a varan butun am ucuslari	B-fromloc.city_name O O O B-toloc.city_name O O O O O O	atis_flight
642	nashville ' den tacoma ' ya onumuzdeki iki gunde sabah olan ucuslar neler	B-fromloc.city_name O O B-toloc.city_name O O B-depart_date.date_relative O O B-depart_time.period_of_day O O O	atis_flight
645	united havayollari boston ' dan dallas fort worth ' e ucuyor mu	B-airline_name I-airline_name B-fromloc.city_name O O B-toloc.city_name I-toloc.city_name I-toloc.city_name O O O O	atis_flight
646	cleveland ' dan kansas city ' e pazartesi ucuslari	B-fromloc.city_name O O B-toloc.city_name I-toloc.city_name O O B-depart_date.day_name O	atis_flight
648	tamam ve ondan sonra dort eylul ' de pittsburgh ' dan atlanta ' ta seyahat etmek istiyorum	O O O O B-depart_date.day_number B-depart_date.month_name O O B-fromloc.city_name O O B-toloc.city_name O O O O O	atis_flight
655	temmuz yirmi bes 1991 ' de pittsburgh ' tan baltimore ' a hangi ucuslar en az yolcu tasir	B-depart_date.month_name B-depart_date.day_number O B-depart_date.year O O B-fromloc.city_name O O B-toloc.city_name O O O O B-mod O O O	atis_flight
656	bana baltimore ' a saat 6 ' dan sonra olan ucuslari goster	O B-toloc.city_name O O O B-depart_time.time O O B-depart_time.time_relative O O O	atis_flight
662	bana dallas ' tan baltimore ' a olan ucuslari goster	O B-fromloc.city_name O O B-toloc.city_name O O O O O	atis_flight
663	baltimore ' dan pittsburgh ' a ucuslari ver	B-fromloc.city_name O O B-toloc.city_name O O O O	atis_flight
676	burbank ' dan tacoma washington ' a bir ucus istiyorum	B-fromloc.city_name O O B-toloc.city_name B-toloc.state_name O O O O O	atis_flight
677	atlanta ' dan washington ' a hangi ucuslar	B-fromloc.city_name O O B-toloc.city_name O O O O	atis_flight
682	yirmi uc kasim ' da boston ve denver arasinda hangi ucular var	B-depart_date.day_number I-depart_date.day_number B-depart_date.month_name O O B-fromloc.city_name O B-toloc.city_name O O O O	atis_flight
683	pazar gunu new york ' tan las vegas ' a duraklamasiz ucuslari listele ve pazar gunu memphis ' ten las vegas ' a duraklamasiz ucuslari listele	B-arrive_date.day_name O B-fromloc.city_name I-fromloc.city_name O O B-toloc.city_name I-toloc.city_name O O B-flight_stop O O O B-arrive_date.day_name O B-fromloc.city_name O O B-toloc.city_name I-toloc.city_name O O B-flight_stop O O	atis_flight
684	dallas ' tan baltimore ' a american ve delta havayollari ucuslarini goster	B-fromloc.city_name O O B-toloc.city_name O O B-airline_name O B-airline_name O O O	atis_flight
686	bana united airlines first class ucuslarini goster	O B-airline_name I-airline_name B-class_type I-class_type O O	atis_flight
689	dallas ve pittsburgh arasindaki temmuz sekiz olan ucuslar neler	B-fromloc.city_name O B-toloc.city_name O B-depart_date.month_name B-depart_date.day_number O O O	atis_flight
690	milwaukee ' den orlando ' ya persembe sabah olan ucuslari goster	B-fromloc.city_name O O B-toloc.city_name O O B-depart_date.day_name B-depart_time.period_of_day O O O	atis_flight
691	boston ' dan dallas ' a mevcut olan ucuslar neler	B-fromloc.city_name O O B-toloc.city_name O O O O O O	atis_flight
692	boston ' dan 838 ' de ayrilmak istiyorum	B-fromloc.city_name O O B-depart_time.time O O O O	atis_flight
693	dallas ' tan atlanta ' ya sali gece ucuslari gosterebilir misin	B-fromloc.city_name O O B-toloc.city_name O O B-depart_date.day_name B-depart_time.period_of_day O O O	atis_flight
695	havaalanindan tacoma sehir merkezine nasil gidebilirim	O B-toloc.city_name O O O O	atis_flight
696	charlotte ve baltimore arasi sali sabah ucuslari	B-fromloc.city_name O B-toloc.city_name O B-depart_date.day_name B-depart_time.period_of_day O	atis_flight
697	atlanta ' dan washington ' a olan ucuslari goster	B-fromloc.city_name O O B-toloc.city_name O O O O O	atis_flight
700	bana new york ' tan milwaukee ' a saat 720 am ' de ayrilan northwest ucuslarini goster	O B-fromloc.city_name I-fromloc.city_name O O B-toloc.city_name O O O B-depart_time.time I-depart_time.time O O O B-airline_name O O	atis_flight
701	atlanta ve denver arasinda en ucuz ucma yolu ne	B-fromloc.city_name O B-toloc.city_name O B-cost_relative I-cost_relative O O O	atis_flight
703	atlanta ' dan pittsburgh ' a bir ucus istiyorum	B-fromloc.city_name O O B-toloc.city_name O O O O O	atis_flight
704	us 201	B-airline_code B-flight_number	atis_flight
717	bana baltimore ' dan newark ' a carsamba gunu olan en erken ucuslari goster	O B-fromloc.city_name O O B-toloc.city_name O O B-depart_date.day_name O O B-flight_mod I-flight_mod O O	atis_flight
718	seattle ' dan chicago ' ya pazar ucuslarini goster	B-fromloc.city_name O O B-toloc.city_name O O B-depart_date.day_name O O	atis_flight
719	pittsburgh ' tan kalkan oakland california ' ya varan ucuslar neler	B-fromloc.city_name O O O B-toloc.city_name B-toloc.state_name O O O O O	atis_flight
722	dallas ' tan atlanta ' ya olan ucuslari goster	B-fromloc.city_name O O B-toloc.city_name O O O O O	atis_flight
723	lutfen pazartesi gunu dallas ' tan oakland california ' ya butun ucuslari ver	O B-depart_date.day_name O B-fromloc.city_name O O B-toloc.city_name B-toloc.state_name O O O O O	atis_flight
724	boston ' dan denver ' a carsamba sabah mevcut olan ucuslar neler	B-fromloc.city_name O O B-toloc.city_name O O B-depart_date.day_name B-depart_time.period_of_day O O O O	atis_flight
725	bana pittsburgh ' tan baltimore ' a olan haziran ondortte varan ucuslari goster	O B-fromloc.city_name O O B-toloc.city_name O O O B-arrive_date.month_name B-arrive_date.day_number O O O	atis_flight
726	atlanta ' dan boston ' a 124 dolarlik sabah ucuslarini listele	B-fromloc.city_name O O B-toloc.city_name O O B-fare_amount O B-depart_time.period_of_day O O	atis_flight
727	bana denver ' dan philadelphia ' ya cumartesi olan ucuslari goster	O B-fromloc.city_name O O B-toloc.city_name O O B-depart_date.day_name O O O	atis_flight
729	cleveland ' dan miami ' ye en ucuz american airlines ucusu ne	B-fromloc.city_name O O B-toloc.city_name O O B-cost_relative I-cost_relative B-airline_name I-airline_name O O	atis_flight
730	atlanta ' dan baltimore ' a pazartesi sabah olan ucuslari goster	B-fromloc.city_name O O B-toloc.city_name O O B-depart_date.day_name B-depart_time.period_of_day O O O	atis_flight
731	pittsburgh ' tan baltimore ' a persembe sabah en erken ucus ne	B-fromloc.city_name O O B-toloc.city_name O O B-depart_date.day_name B-depart_time.period_of_day B-flight_mod I-flight_mod O O	atis_flight
732	pittsburgh ' dan ayrilan denver ' a donen en son ucus ne	B-fromloc.city_name O O O B-toloc.city_name O O O O B-flight_mod O O	atis_flight
733	lufthansa boston ve oakland arasinda ucuyor mu	B-airline_name B-fromloc.city_name O B-toloc.city_name O O O	atis_flight
734	boston ' dan washington ' a temmuz onbeste ayrilan ucuslari goster	B-fromloc.city_name O O B-toloc.city_name O O B-depart_date.month_name B-depart_date.day_number O O O	atis_flight
735	general mitchell international ' daki butun inisleri listele	B-toloc.airport_name I-toloc.airport_name I-toloc.airport_name O O O O O	atis_flight
738	lutfen yirmi yedi temmuz ' da dallas fort worth ' den boston ' a ucuslari listele	O B-depart_date.day_number I-depart_date.day_number B-depart_date.month_name O O B-fromloc.city_name I-fromloc.city_name I-fromloc.city_name O O B-toloc.city_name O O O O	atis_flight
739	merhaba boston ' dan denver ' a american havayollari ile bir ucus planlamak istiyorum	O B-fromloc.city_name O O B-toloc.city_name O O B-airline_name I-airline_name O O O O O	atis_flight
749	philadelphia ' dan denver ' a cumartesi ne ucuslar var	B-fromloc.city_name O O B-toloc.city_name O O B-depart_date.day_name O O O	atis_flight
750	carsamba gunu denver ' dan washington dc ' ye bir ucusa ihtiyacim var	B-depart_date.day_name O B-fromloc.city_name O O B-toloc.city_name B-toloc.state_code O O O O O O	atis_flight
751	bana columbus ' dan charlotte ' a olan ucuslari goster	O B-fromloc.city_name O O B-toloc.city_name O O O O O	atis_flight
752	oh bakalim eastern airline ' in atlanta ' dan washington ' a bir ucusu var mi	O O B-airline_name I-airline_name O O B-fromloc.city_name O O B-toloc.city_name O O O O O O	atis_flight
753	atlanta ' ya dallas ' a ogleden sonra ucuslari	B-fromloc.city_name O O B-toloc.city_name O O B-depart_time.period_of_day I-depart_time.period_of_day O	atis_flight
757	boston ' dan washington ' a pazartesi gunu icin bir ucus bul	B-fromloc.city_name O O B-toloc.city_name O O B-depart_date.day_name O O O O O	atis_flight
758	atlanta ' dan washington dc ' ye persembe gunu ogleden sonra 4 ' ten sonraki ve cuma gunu sabah 9 ' dan onceki ucuslar hakkinda bilgi ver	B-fromloc.city_name O O B-toloc.city_name B-toloc.state_code O O B-depart_date.day_name O O B-depart_time.time_relative B-depart_time.time O O O O O O O B-depart_time.time O O O O O O O	atis_flight
760	denver ' da yasiyorum ve pittsburgh ' a seyahat etmek istiyorum	B-fromloc.city_name O O O O B-toloc.city_name O O O O O	atis_flight
761	atlanta denver ve pittsburgh ' dan baltimore ' a giden ucuslari ver	B-fromloc.city_name B-fromloc.city_name O B-fromloc.city_name O O B-toloc.city_name O O O O O	atis_flight
762	merhaba pittsburgh ' dan denver ' a ogleden sonra 2 ' den sonra giden bir ucus ariyorum	O B-fromloc.city_name O O B-toloc.city_name O O O B-depart_time.time_relative B-depart_time.time O O B-depart_time.time_relative O O O O	atis_flight
768	iki haziran carsamba gunu miami ' den baltimore ' a sabah 1115 1245 arasi baltimore ' a varan duraklamasiz ucuslari listele	B-arrive_date.day_number B-arrive_date.month_name B-arrive_date.day_name O B-fromloc.city_name O O B-toloc.city_name O O O B-arrive_time.start_time B-arrive_time.end_time O B-toloc.city_name O O O B-flight_stop O O	atis_flight
770	denver ' dan atlanta ' ya	B-fromloc.city_name O O B-toloc.city_name O O	atis_flight
771	pittsburgh ' tan oakland ' a hareket eden en son ucus ne	B-fromloc.city_name O O B-toloc.city_name O O O O O B-flight_mod O O	atis_flight
777	milwaukee ' den tampa ' ya olan ucuslar neler	B-fromloc.city_name O O B-toloc.city_name O O O O O	atis_flight
779	denver ' dan atlanta ' ya en ucuz ucuslar neler	B-fromloc.city_name O O B-toloc.city_name O O B-cost_relative I-cost_relative O O	atis_flight
781	bana atlanta uzerinden giden delta ya da twa ucuslarini goster	O B-stoploc.city_name O O B-airline_name B-or O B-airline_code O O	atis_flight
783	carsamba sabah boston ' dan kalkan ve denver ' a varan ucuslari goster	B-depart_date.day_name B-depart_time.period_of_day B-fromloc.city_name O O O O B-toloc.city_name O O O O O	atis_flight
784	bana boston ' dan kalkan ekonomi sinifi olan butun gunluk ucuslari goster	B-class_type I-class_type O B-fromloc.city_name I-fromloc.city_name I-fromloc.city_name O B-flight_days I-flight_days I-flight_days O O	atis_flight
786	dallas ' tan baltimore ' a	B-fromloc.city_name O O B-toloc.city_name O O	atis_flight
787	pazartesi minneapolis ' ten long beach california ' ya ucuslarin listesini alabilir miyim lutfen	B-depart_date.day_name B-fromloc.city_name O O B-toloc.city_name I-toloc.city_name B-toloc.state_name O O O O O O O	atis_flight
790	simdi bana denver ' dan philadephia ' ya butun cumartesi ucuslarini goster	B-toloc.city_name B-fromloc.city_name I-fromloc.city_name O O O O O O B-depart_date.day_name I-depart_date.day_name I-depart_date.day_name	atis_flight
791	bana denver ' dan burbank ' e butun ucuslari goster	O B-fromloc.city_name O O B-toloc.city_name O O O O O	atis_flight
795	cincinnati ' den new york city ' e cumartesi 6 pm ' den once varan delta ucuslari neler	B-fromloc.city_name O O B-toloc.city_name I-toloc.city_name I-toloc.city_name O O B-arrive_date.day_name B-arrive_time.time I-arrive_time.time O O B-arrive_time.time_relative O B-airline_name O O	atis_flight
798	boston ' dan atlanta ' ya butun duraklamasiz ucuslari goster	B-fromloc.city_name O O B-toloc.city_name O O O B-flight_stop O O	atis_flight
799	new york ' tan las vegas ' a ve memphis ' ten las vegas ' a pazar gunu ucuslarini ver	B-fromloc.city_name I-fromloc.city_name O O B-toloc.city_name I-toloc.city_name O O O B-fromloc.city_name O O B-toloc.city_name I-toloc.city_name O O B-depart_date.day_name O O O	atis_flight
803	bana baltimore ' dan newark ' a carsamba gunu olan en erken ucuslari goster	O B-fromloc.city_name O O B-toloc.city_name O O B-depart_date.day_name O O B-flight_mod I-flight_mod O O	atis_flight
808	delta havayollari boston ' dan washington dc ' ye ucuyor mu	B-airline_name O B-fromloc.city_name O O B-toloc.city_name B-toloc.state_code O O O O	atis_flight
810	baltimore ' dan dallas ' a ucuslar	B-fromloc.city_name O O B-toloc.city_name O O O	atis_flight
811	pittsburgh ' tan atlanta ' ya yarin sabah nelerin var	B-fromloc.city_name O O B-toloc.city_name O O B-depart_date.today_relative B-depart_time.period_of_day O O	atis_flight
812	atlanta ' dan kalkip denver ' a giden en erken ucuslarin bilgilerini istiyorum	B-fromloc.city_name O O O B-toloc.city_name O O O B-flight_mod I-flight_mod O O O	atis_flight
814	philadelphia ' dan cuma kalkip oakland california ' ya giden ucuslarin bilgilerine ihtiyacim var	B-fromloc.city_name O O B-depart_date.day_name O B-toloc.city_name B-toloc.state_name O O O O O O O	atis_flight
817	lutfen benim icin sali sabah dallas ' tan kalkan ve atlanta ' ya varan ucuslari listele	O O O B-depart_date.day_name B-depart_time.period_of_day B-fromloc.city_name O O O O B-toloc.city_name O O O O O	atis_flight
818	baltimore ' dan atlanta ' ya ogleden sonra 1 ile 3 arasindaki butun ucuslar	B-fromloc.city_name O O B-toloc.city_name O O B-depart_time.period_of_day I-depart_time.period_of_day B-depart_time.start_time O B-depart_time.end_time O O O	atis_flight
822	boston ile denver arasindaki bir ucusu getir	B-fromloc.city_name O B-toloc.city_name O O O O	atis_flight
824	boston ve denver arasindaki ucuslari goster	B-fromloc.city_name O B-toloc.city_name O O O	atis_flight
831	oakland ' dan boston ' a tek yon en ucuz ucus ne	B-fromloc.city_name O O B-toloc.city_name O O B-round_trip I-round_trip B-cost_relative I-cost_relative O O	atis_flight
832	baltimore ' dan dallas ' a gidis donus bir ucus istiyorum	B-fromloc.city_name O O B-toloc.city_name O O B-round_trip O O O O	atis_flight
833	atlanta ' dan pittsburgh ' a tek yon ucuslari goster	B-fromloc.city_name O O B-toloc.city_name O O B-round_trip I-round_trip O O	atis_flight
834	tampa ' dan charlotte ' a pazar gunku ucuslar	B-fromloc.city_name O O B-toloc.city_name O O B-depart_date.day_name O O	atis_flight
836	baltimore ' dan boston ' a gun icinde en son ucus ne	B-fromloc.city_name O O B-toloc.city_name O O O O O B-flight_mod O O	atis_flight
837	denver ' dan pittsburg ' a en ucuz ucus ne	B-toloc.city_name O O B-fromloc.city_name O O B-cost_relative I-cost_relative O O	atis_flight
838	bana denver ' dan pittsburgh ve atlanta ' ya olan ucuslari goster	O B-fromloc.city_name O O B-toloc.city_name O O O O O O O	atis_flight
839	twa ' in indidanapolis ' ten houston ' a sabah 11 ' den once varan bir ucusu var mi	B-airline_code O O B-fromloc.city_name O O B-toloc.city_name O O B-arrive_time.time I-arrive_time.time O O O O O O O O	atis_flight
840	atlanta ' dan pazar aksami hangi ucuslarin kalkip baltimore ' a vardigini ogrenmek istiyorum	B-fromloc.city_name O O B-depart_date.day_name B-depart_time.period_of_day O O O B-toloc.city_name O O O O O	atis_flight
841	bize orlando ' dan cleveland ' a aksam saat 10 cinvarinda varan bir us air ucusu bulmak istiyorum	B-arrive_time.period_of_day I-arrive_time.period_of_day O B-airline_name I-airline_name O B-fromloc.city_name I-fromloc.city_name I-fromloc.city_name O O B-toloc.city_name I-toloc.city_name I-toloc.city_name B-arrive_time.time_relative I-arrive_time.time_relative B-arrive_time.time I-arrive_time.time	atis_flight
842	lutfen las vegas ' tan new york ' a twa ucuslarini ve bilet fiyatini listele	O B-fromloc.city_name I-fromloc.city_name O O B-toloc.city_name I-toloc.city_name O O B-airline_code O O O O O	atis_flight
844	bana boston ' dan oakland ' a olan ucuslari goster	O B-fromloc.city_name O O B-toloc.city_name O O O O O	atis_flight
845	philadelphia ' dan atlanta ' ya ucmam gerekiyor	B-fromloc.city_name O O B-toloc.city_name O O O O	atis_flight
851	charlotte ' dan baltimore ' a sabah ucuslarini ver	B-fromloc.city_name O O B-toloc.city_name O O B-depart_time.period_of_day O O	atis_flight
856	bana burbank ' tan olan ucuslari goster	O B-fromloc.city_name O O O O O	atis_flight
858	lutfen atlanta ' dan philly ' e ucuslari listele	O B-fromloc.city_name O O B-toloc.city_name O O O O	atis_flight
859	la guardia veya jfk ' den cleveland ' a ucuslar	B-fromloc.airport_name I-fromloc.airport_name B-or B-fromloc.airport_code O O B-toloc.city_name O O O	atis_flight
860	bana phoenix ' ten milwaukee ' ye carsamba ayrilan american airline ucuslarini goster	O B-fromloc.city_name O O B-toloc.city_name O O B-depart_date.day_name O B-airline_name I-airline_name O O	atis_flight
861	lufthansa airlines ile boston ' dan kalkan butun ucuslari goster	B-airline_name I-airline_name O B-fromloc.city_name O O O O O O	atis_flight
865	newark ' tan los angeles ' a sabah kalkan bir ucus istiyorum	B-fromloc.city_name O O B-toloc.city_name I-toloc.city_name O O B-depart_time.period_of_day O O O O	atis_flight
866	baltimore ' dan seattle ' a minneapolis ' te duraklayan ucuslari listele	B-fromloc.city_name O O B-toloc.city_name O O B-stoploc.city_name O O O O O	atis_flight
867	pittsburgh ' dan new york ' a ogleden sonra 5 ' den sonra kalkan bir ucusa ihtiyacim var	B-fromloc.city_name O O B-toloc.city_name I-toloc.city_name O O O B-depart_time.time_relative B-depart_time.time O O B-depart_time.time_relative O O O O O	atis_flight
868	bana carsamba gunu phoenix ' ten milwaukee ' ye american airlines ile butun ucuslari goster	O B-depart_date.day_name O B-fromloc.city_name O O B-toloc.city_name O O B-airline_name O O O O O	atis_flight
869	dallas ve baltimore arasinda temmuz ondokuzdaki en ucuz ucuslar hangileri	B-fromloc.city_name O B-toloc.city_name O B-depart_date.month_name B-depart_date.day_number B-cost_relative I-cost_relative O O	atis_flight
871	houston ve las vegas arasi gidis donus ucuslar	B-fromloc.city_name O B-toloc.city_name I-toloc.city_name O B-round_trip I-round_trip O	atis_flight
873	ontario ' dan westchester ' a giden ve chicago ' da duraklayan bir ucus ariyorum	B-fromloc.city_name O O B-toloc.city_name O O O O B-stoploc.city_name O O O O O O	atis_flight
874	baltimore washington havaalanindan oakland ' a ogleden sonra kalkan duraklamasiz ucuslari listele	B-fromloc.city_name B-fromloc.airport_name O B-toloc.city_name O O B-arrive_time.period_of_day I-arrive_time.period_of_day O B-flight_stop O O	atis_flight
880	boston ' dan denver ' a butun sali gece ucuslarini listele	B-fromloc.city_name O O B-toloc.city_name O O O B-depart_date.day_name B-depart_time.period_of_day O O	atis_flight
881	pittsburgh ' tan baltimore ' a agustos onbirde mevcut olan ucuslar neler	B-fromloc.city_name O O B-toloc.city_name O O B-depart_date.month_name B-depart_date.day_number O O O O	atis_flight
882	denver ' dan pittsburgh ' a sonra pittsburgh ' dan atlanta ' ya sonra atlanta ' dan geri pittsburgh ' a ve geri denver ' a bir ucus istiyorum	B-toloc.city_name O O B-toloc.city_name O O O B-toloc.city_name O O B-fromloc.city_name O O O B-fromloc.city_name O O O B-toloc.city_name O O O O B-toloc.city_name O O O O O	atis_flight
883	newark ' tan tampa ' ya cuma gunu icin bir ucus ver	B-fromloc.city_name O O B-toloc.city_name O O B-depart_date.day_name O O O O O	atis_flight
884	pittsburgh ' tan baltimore ' a olan ucuslar neler	B-fromloc.city_name O O B-toloc.city_name O O O O O	atis_flight
888	indianapolis ' ten seattle washington ' a ucuslar	B-fromloc.city_name O O B-toloc.city_name B-toloc.state_name O O O	atis_flight
889	tampa ' dan montreal ' e new york ' ta duraklayan bir ucus bulmak istiyorum	B-toloc.city_name O O O O O O O O B-fromloc.city_name I-fromloc.city_name B-stoploc.city_name I-stoploc.city_name I-stoploc.city_name O	atis_flight
891	phoenix ' ten milwaukee ' ye bir sonraki carsamba olan ucuslari goster	B-fromloc.city_name O O B-toloc.city_name O O O B-depart_date.date_relative B-depart_date.day_name O O O	atis_flight
892	philadelphia ' dan baltimore ' a olan ucuslari goster	B-fromloc.city_name O O B-toloc.city_name O O O O O	atis_flight
898	atlanta ' dan philadelphia ' ya en erken ucus	B-fromloc.city_name O O B-toloc.city_name O O B-flight_mod I-flight_mod O	atis_flight
899	indianapolis ' ten memphis ' e hangi ucuslar	B-fromloc.city_name O O B-toloc.city_name O O O O	atis_flight
900	boston ' dan denver ' a sabah ilk ucus ne zaman	B-fromloc.city_name O O B-toloc.city_name O O B-depart_time.period_of_day B-flight_mod O O O	atis_flight
902	atlanta ' dan baltimore ' a ucuslari goster	B-fromloc.city_name O O B-toloc.city_name O O O O	atis_flight
914	lutfen bana boston ' dan philadelphia ' ya saat aksam 5 gibi philadelphia ' ya varan bir ucus bul	O O B-fromloc.city_name O O B-toloc.city_name O B-arrive_time.time_relative I-arrive_time.time_relative B-arrive_time.time I-arrive_time.time O B-toloc.city_name O B-arrive_time.time_relative O O O O	atis_flight
916	denver ' dan baltimore ' a	B-fromloc.city_name O O B-toloc.city_name O O	atis_flight
917	columbus ' tan phoenix ' e cincinnati uzerinden bir ucus bulmaya calisiyorum	B-fromloc.city_name O O B-toloc.city_name O O B-stoploc.city_name O O O O O	atis_flight
919	boston ' dan denver ' a 10 am ' den once hangi ucuslar gider	B-fromloc.city_name O O B-toloc.city_name O O B-depart_time.time I-depart_time.time O O B-depart_time.time_relative O O O	atis_flight
927	bana montreal ' den butun ucuslari goster	O B-fromloc.city_name O O O O O	atis_flight
931	bana denver philadelphia ya da pittsburgh ' dan baltimore ' a butun ucuslari goster	O B-fromloc.city_name B-fromloc.city_name B-or I-or B-fromloc.city_name O O B-toloc.city_name O O O O O	atis_flight
932	las vegas ' tan montreal ' a ucuslar	B-fromloc.city_name I-fromloc.city_name O O B-toloc.city_name O O O	atis_flight
933	midwest express ' in cleveland ' a servisi var mi	B-airline_name O O O B-city_name O O O O O	atis_flight
936	boston ' dan denver ' a ucuslar neler	B-fromloc.city_name O O B-toloc.city_name O O O O	atis_flight
937	memphis ' ten las vegas ' a ve new york ' tan las vegas ' a pazar gunu ayni saatte varan bir ucus goster	B-fromloc.city_name O O B-toloc.city_name I-toloc.city_name O O O B-fromloc.city_name I-fromloc.city_name O O B-toloc.city_name I-toloc.city_name O O B-depart_date.day_name O O O O O O O	atis_flight
939	newark ' dan cleveland ' a gunluk ogleden sonra 5 ' teki ucuslar	B-fromloc.city_name O O B-toloc.city_name O O B-flight_days O O B-depart_time.time O O O	atis_flight
944	lutfen general mitchell international ' daki butun inis ve kalkislari listele	O B-airport_name I-airport_name I-airport_name O O O O O O O	atis_flight
945	lutfen kansas city ' den atlanta ' ya butun sabah ucuslarini listele	O B-fromloc.city_name I-fromloc.city_name O O B-toloc.city_name O O O B-depart_time.period_of_day O O	atis_flight
954	philadelphia ' dan dallas ' a ilk ucusu goster	B-fromloc.city_name O O B-toloc.city_name O O B-flight_mod O O	atis_flight
955	philadelphia ' dan dallas ' a american airlines ile ucuslari listele	B-fromloc.city_name O O B-toloc.city_name O O B-airline_name I-airline_name O O O	atis_flight
956	boston ve washington arasinda washington ' a ogleden sonra 5 civarinda varan direkt bir ucus bul	B-fromloc.city_name O B-toloc.city_name O B-toloc.city_name O O B-arrive_time.time I-arrive_time.time I-arrive_time.time B-arrive_time.time_relative O B-flight_stop O O O	atis_flight
957	chicago ' dan seattle ' a cumartesi sabah continental ucuslarini ver	B-fromloc.city_name O O B-toloc.city_name O O B-depart_date.day_name B-depart_time.period_of_day B-airline_name O O	atis_flight
958	bana pittsburgh ' dan boston ' a direk ve baglantili pittsburgh ' dan aksam 7 ' den sonra kalkan butun ucuslari goster	O B-fromloc.city_name O O B-toloc.city_name O O O O O B-fromloc.city_name O O B-depart_time.time I-depart_time.time O O B-depart_time.time_relative O O O O	atis_flight
959	bana pittsburgh ' tan baltimore ' a olan ucuslari goster	O B-fromloc.city_name O O B-toloc.city_name O O O O O	atis_flight
960	bana montreal ' den detroit ' e olan ucuslari goster	O B-fromloc.city_name O O B-toloc.city_name O O O O O	atis_flight
962	philadelphia ' dan baltimore ' a olan ucuslari goster	B-fromloc.city_name O O B-toloc.city_name O O O O O	atis_flight
963	bana pittsburgh ' dan ogleden sonra 12 ve 4 arasi ayrilan delta ucuslarini goster	O B-fromloc.city_name O O B-depart_time.period_of_day I-depart_time.period_of_day B-depart_time.start_time O B-depart_time.end_time O O B-airline_name O O	atis_flight
964	charlotte ' dan milwaukee ' ye butun ucuslari gosterebilir misin	B-fromloc.city_name O O B-toloc.city_name O O O O O O	atis_flight
966	atlanta ' dan washington dc ' ye carsamba olan ucuslar neler	B-fromloc.city_name O O B-toloc.city_name B-toloc.state_code O O B-depart_date.day_name O O O	atis_flight
973	la guardia ' dan jfk ' e ucuslar	B-fromloc.airport_name I-fromloc.airport_name O O B-toloc.airport_code O O O	atis_flight
981	pazartesi gunu denver ' dan philadelphia ' ya	B-depart_date.day_name O B-fromloc.city_name O O B-toloc.city_name O O	atis_flight
982	denver ' dan kansas city ' e duraklamasiz ucuslar	B-toloc.city_name O O B-toloc.city_name I-toloc.city_name O O B-flight_stop O	atis_flight
983	pittsburgh ' dan atlanta ' ya direkt ekonomi ucusu istiyorum	B-fromloc.city_name O O B-toloc.city_name O O B-connect B-class_type O O	atis_flight
990	sadece continental ucuslarini goster	O B-airline_name O O	atis_flight
991	oakland ' dan denver ' a	B-toloc.city_name O O B-fromloc.city_name O O	atis_flight
1001	boston ve washington arasindaki en erken ucus ne	B-fromloc.city_name O B-toloc.city_name O O B-flight_mod O O	atis_flight
1002	carsamba gunu philadelphia ' dan dallas ' a birinci sinif american ucusu	B-depart_date.day_name O B-fromloc.city_name O O B-toloc.city_name O O B-class_type I-class_type B-airline_name O	atis_flight
1004	eylul ' un ucunde boston ve washington arasindaki ucuslar hakkinda bilgi almak istiyorum	B-depart_date.month_name O O B-depart_date.day_number B-fromloc.city_name O B-toloc.city_name O O O O O O	atis_flight
1005	atlanta ' dan denver ' a gunluk ucuslari listele	B-fromloc.city_name O O B-toloc.city_name O O B-flight_days O O	atis_flight
1008	boston ve philadelphia arasindaki ucuslari goster	B-fromloc.city_name O B-toloc.city_name O O O	atis_flight
1009	las vegas ' tan burbank ' e mayis yirmi iki cumartesi olan ucuslar neler	B-fromloc.city_name I-fromloc.city_name O O B-toloc.city_name O O B-depart_date.month_name B-depart_date.day_number I-depart_date.day_number B-depart_date.day_name O O O	atis_flight
1014	dallas ' tan philadelphia ' ya seyahat ediyorum	B-toloc.city_name O O B-fromloc.city_name O O O O	atis_flight
1018	boston ' dan denver ' a continental airlines ucusu var mi	B-fromloc.city_name O O B-toloc.city_name O O B-airline_name O O O O	atis_flight
1019	denver ' dan pittsburgh ' a sabah en erken varan ucuslar neler	B-fromloc.city_name O O B-toloc.city_name O O B-arrive_time.period_of_day B-arrive_time.period_mod I-arrive_time.period_mod O O O	atis_flight
1021	baltimore ' dan seattle ' a giden bir ucus ne	B-fromloc.city_name O O B-toloc.city_name O O O O O O	atis_flight
1032	denver ' dan atlanta ' ya donus ucusu istiyorum aksam ucusu	B-fromloc.city_name O O B-toloc.city_name O O O O O B-depart_time.period_of_day O	atis_flight
1033	cincinnati ' den salt lake city ' e american ucuslari	B-fromloc.city_name O O B-toloc.city_name I-toloc.city_name I-toloc.city_name O O B-airline_name O	atis_flight
1034	general mitchell international ' dan kalkan butun ucuslari listele	B-fromloc.airport_name I-fromloc.airport_name I-fromloc.airport_name O O O O O O	atis_flight
1040	baltimore ' dan atlanta ' ya ogleden once varan ucuslari gormek istiyorum ve denver ' dan atlanta ' ya ogleden once varan ucuslari gormek istiyorun	B-fromloc.city_name O O B-toloc.city_name O O B-arrive_time.time B-arrive_time.time_relative O O O O O B-fromloc.city_name O O B-toloc.city_name O O B-arrive_time.time B-arrive_time.time_relative O O O O	atis_flight
1042	denver ' dan salt lake city ' e ucus	B-fromloc.city_name O O B-toloc.city_name O I-toloc.city_name O O O	atis_flight
1044	oakland ' dan denver ' a ucus bilgisi	B-fromloc.city_name O O B-toloc.city_name O O O O	atis_flight
1046	philadelphia ' dan denver ' a carsamba ekonomi sinifiyla mevcut olan ucuslar neler	B-fromloc.city_name O O B-toloc.city_name O O B-depart_date.day_name B-economy O O O O O	atis_flight
1048	bana new york ' tan milwaukee ' a olan ucuslari goster	O B-fromloc.city_name I-fromloc.city_name O O B-toloc.city_name O O O O O	atis_flight
1062	baltimore ' dan dallas ' a olan ucuslardan soyle	B-fromloc.city_name O O B-toloc.city_name O O O O O	atis_flight
1163	bana milwaukee orlando arasindaki butun gunluk ucuslari goster	O B-fromloc.city_name B-toloc.city_name O O B-flight_days O O	atis_flight
1229	denver ' dan ogleden once hangi northwest havayolu ucuslari ayrilir	B-fromloc.city_name O O B-depart_time.time B-depart_time.time_relative O B-airline_name I-airline_name O O	atis_flight
1430	atlanta ' dan washington ' a olan ucuslari goster	B-fromloc.city_name O O B-toloc.city_name O O O O O	atis_flight
1538	bana atlanta uzerinden giden delta ya da twa ucuslarini goster	O B-stoploc.city_name O O B-airline_name B-or O B-airline_code O O	atis_flight
1544	denver ' dan oakland ' a saat 12 ' den sonra varan ucuslari goster	B-fromloc.city_name O O B-toloc.city_name O O B-arrive_time.time I-arrive_time.time O O B-arrive_time.time_relative O O O	atis_flight
1629	denver ' dan atlanta ' ya tek yon olan en ucuz ucuslar neler	B-fromloc.city_name O O B-toloc.city_name O O O B-round_trip I-round_trip B-cost_relative I-cost_relative O O	atis_flight
2056	newark ' dan boston ' a ucuslar	B-fromloc.city_name O O B-toloc.city_name O O O	atis_flight
2088	bana boston ' dan atlanta ' ya olan ucuslari goster	O B-fromloc.city_name O O B-toloc.city_name O O O O O	atis_flight
2121	bana dallas ' tan baltimore ' a olan ucuslari goster	O B-fromloc.city_name O O B-toloc.city_name O O O O O	atis_flight
2129	newark ' tan tampa ' ya cuma gunu icin bir ucus ver	B-fromloc.city_name O O B-toloc.city_name O O B-depart_date.day_name O O O O O	atis_flight
2247	bana montreal ' den butun ucuslari goster	O B-fromloc.city_name O O O O O	atis_flight
2293	bana baltimore ' dan atlanta ' ya olan ucuslari goster	O B-fromloc.city_name O O B-toloc.city_name O O O O O	atis_flight
2411	new york city ' den las vegas ' a ne ucuslar var	B-fromloc.city_name I-fromloc.city_name I-fromloc.city_name O O B-toloc.city_name I-toloc.city_name O O O O O	atis_flight
2513	pittsburgh ' dan baltimore ' a sabah 10 ile ogleden sonra 2 arasindaki ucuslar	B-fromloc.city_name O O B-toloc.city_name O O O B-depart_time.start_time O O O B-depart_time.end_time O O	atis_flight
2542	seattle ' dan salt lake city ' e	B-fromloc.city_name O O B-toloc.city_name I-toloc.city_name I-toloc.city_name O O	atis_flight
2554	philadelphia ' dan dallas ' a american airlines ile ucuslari listele	B-fromloc.city_name O O B-toloc.city_name O O B-airline_name I-airline_name O O O	atis_flight
2567	pittsburgh ' dan atlanta ' ya ucus ayarlamak istiyorum	B-fromloc.city_name O O B-toloc.city_name O O O O O	atis_flight
2664	pittsburgh ' dan atlanta ' ya pazartesi ogleden sonra olan ucuslari goster	B-fromloc.city_name O O B-toloc.city_name O O B-depart_date.day_name B-depart_time.period_of_day I-depart_time.period_of_day O O O	atis_flight
2717	baltimore ' dan atlanta ' ya ogleden once varan ucuslari gormek istiyorum ve denver ' dan atlanta ' ya ogleden once varan ucuslari gormek istiyorun	B-fromloc.city_name O O B-toloc.city_name O O B-arrive_time.time B-arrive_time.time_relative O O O O O B-fromloc.city_name O O B-toloc.city_name O O B-arrive_time.time B-arrive_time.time_relative O O O O	atis_flight
2724	bana love field ' a olan son ucusu goster	O B-toloc.airport_name I-toloc.airport_name O O O B-flight_mod O O	atis_flight
2730	dallas ' tan pittsburgh ' a gidis donus ucus icin seyahat ayarla	B-fromloc.city_name O O B-toloc.city_name O O B-round_trip O O O O O	atis_flight
2962	baltimore ' a ucuslar	B-toloc.city_name O O O	atis_flight
2965	baltimore ' dan philadelphia ' ya butun ucuslari listele	B-fromloc.city_name O O B-toloc.city_name O O O O O	atis_flight
2975	denver ' da yasiyorum ve pittsburgh ' a seyahat etmek istiyorum	B-fromloc.city_name O O O O B-toloc.city_name O O O O O	atis_flight
3017	baltimore denver veya pittsburgh ' dan kalkan ve philadelphia ' ya varan butun ucuslari listele	B-fromloc.city_name B-fromloc.city_name B-or B-fromloc.city_name O O O O B-toloc.city_name O O O O O O	atis_flight
3105	baltimore ' dan philadelphia ' ya	B-fromloc.city_name O O B-toloc.city_name O O	atis_flight
3141	cleveland ' dan miami ' ye ucuslar	B-fromloc.city_name O O B-toloc.city_name O O O	atis_flight
3277	toronto ' dan atlanta ' ya ogleden sonra	B-fromloc.city_name O O B-toloc.city_name O O B-depart_time.period_of_day I-depart_time.period_of_day	atis_flight
3338	general mitchell international ' daki butun inisleri listele	B-toloc.airport_name I-toloc.airport_name I-toloc.airport_name O O O O O	atis_flight
3367	denver ' dan baltimore ' a	B-fromloc.city_name O O B-toloc.city_name O O	atis_flight
3632	atlanta ' dan baltimore ' a ucuslari ver	B-fromloc.city_name O O B-toloc.city_name O O O O	atis_flight
3684	denver ' dan philadelphia ' ya olan ucuslari goster	B-fromloc.city_name O O B-toloc.city_name O O O O O	atis_flight
3696	denver ' dan philadelphia ' a ucuslari gormek istiyorum	B-fromloc.city_name O O B-toloc.city_name O O O O O	atis_flight
3712	d9s kac yolcu alir	B-aircraft_code O O O	atis_capacity
3714	american airlines ' inin tum ucaklarinin toplam oturma kapasitesi ne kadar	B-airline_name O O O O O B-mod O O O O	atis_capacity
3731	her havayolunun kac tane business sinif ucusu var	O O O O B-class_type O O O	atis_quantity
3732	kac tane havayolunun yn servis sinifli ucusu var	O O O B-fare_basis_code O O O O	atis_quantity
3734	oakland ' in kac havaalani var	B-city_name O O O O O	atis_quantity
3735	united ' in bugun kac tane birinci sinif ucusu var	B-airline_name O O B-depart_date.today_relative O O B-class_type I-class_type O O	atis_quantity
3736	philadelphia ' dan pittsburgh ' a gunluk kac tane us air ucusu var	B-fromloc.city_name O O B-toloc.city_name O O B-flight_days O O B-airline_name I-airline_name O O	atis_quantity
3738	her havayolunun kac tane first class ucusu var	O O O O B-class_type I-class_type O O	atis_quantity
3739	american havayollari ' nin boston ' dan atlanta ' ya kac ucusu var	B-airline_name I-airline_name O O B-fromloc.city_name O O B-toloc.city_name O O O O O	atis_quantity
3741	delta ile butun havaalanlarina ucuslarin toplam sayisini listele	B-airline_name O O O O O O O	atis_quantity
3774	dallas ' ta havaalani sehir merkezinden ne kadar uzak	B-fromloc.city_name O O O O O O O O	atis_distance
3791	pittsburgh ' dan atlanta ' ya olan 416 dolarlik ucuslardaki hava kisitlari neler	B-fromloc.city_name O O B-toloc.city_name O O O B-fare_amount O O O O O	atis_restriction
3798	pittsburgh ' dan baltimore ' a ne tip bir ucak ucar	B-fromloc.city_name O O B-toloc.city_name O O O O O O O	atis_aircraft
3800	m80 ne tip bir ucaktir	B-aircraft_code O O O O	atis_aircraft
3804	atlanta ' dan denver ' a ucarken kullanilan ucagin tipini kibarca ver bana	B-fromloc.city_name O O B-toloc.city_name O O O O O O O O O	atis_aircraft
3806	bana kanada havayollarinin kullandigi ucaklari goster	O B-airline_name I-airline_name O O O	atis_aircraft
3810	american airline 315 ucusunda ne tip bir ucak kullanildi	B-airline_name O B-flight_number O O O O O O	atis_aircraft
3811	atlanta ' dan bir ucaga atlayip boston ' a ucmak istiyorum	B-fromloc.city_name O O O O O B-toloc.city_name O O O O	atis_aircraft
3812	bana kanada havayollarinin kullandigi ucaklari goster	O B-airline_name I-airline_name O O O	atis_aircraft
3813	united flight 21 ' in ucak tipi ne	B-airline_name O B-flight_number O O O O O	atis_aircraft
3870	bana atlanta ' dan washington ' a ucuslardaki butun yemekleri goster	O B-fromloc.city_name O O B-toloc.city_name O O O O B-meal O	atis_meal
3877	houston havaalanlari	B-city_name O	atis_airport
3893	houston havaalanlari	B-city_name O	atis_airport
3896	dallas ' ta yer ulasimina ihtiyacim var , lutfen musait ne var gosterin	B-city_name O O O O O O O O O O O O	atis_ground_service
3897	oakland ' da kara tasimaciligi var mi	B-city_name O O O O O O	atis_ground_service
3898	pittsburgh ' taki kara tasimaciligi nasil	B-city_name O O O O O	atis_ground_service
3899	bana pittsburgh ' daki kara tasimaciliginin listesini goster	O B-city_name O O O O O O	atis_ground_service
3900	lutfen bana denver ' da kara tasimaciligini goster	O O B-city_name O O O O O	atis_ground_service
3901	atlanta sehir merkezinden havaalanina yer ulasimi hakkinda bilgi almak istiyorum	B-city_name O O O O O O O O O	atis_ground_service
3903	bana baltimore ' daki kara tasimaciliginin listesini goster	O B-city_name O O O O O O	atis_ground_service
3904	havaalanindan phoenix sehir merkezine kara tasimaciligi var mi	O B-toloc.city_name O O O O O O	atis_ground_service
3905	phoenix havaalani ' dan sehir merkezine ulasim var mi	B-airport_name O O O O O O O O	atis_ground_service
3909	lutfen bana pittsburgh icin kara tasimaciligini goster	O O B-city_name O O O O	atis_ground_service
3910	baltimore havaalaninda limuzin servisi var mi	B-airport_name O B-transport_type O O O	atis_ground_service
3914	long beach havaalani ' ndan sehir merkezine ulasimi gorebilir miyim	B-fromloc.city_name I-fromloc.city_name O O O O O O O O	atis_ground_service
3916	boston ' da hangi kara tasimaciligi mevcut	B-city_name O O O O O O	atis_ground_service
3923	dallas ' ta yarin hangi kara tasimaciligi mevcut	B-city_name O O B-today_relative O O O O	atis_ground_service
3924	dallas ' ta kara tasimaciligi ariyorum	B-city_name O O O O O	atis_ground_service
3925	boston ' da ne limuzin servisi var	B-city_name O O O B-transport_type O O	atis_ground_service
3929	atlanta ' da hangi kara tasimaciligi mevcut	B-city_name O O O O O O	atis_ground_service
3943	bana denver ' daki kara tasimaciligini goster	O B-city_name O O O O O	atis_ground_service
4032	boston ' da hangi kara tasimaciligi mevcut	B-city_name O O O O O O	atis_ground_service
4034	bana baltimore ' daki araba kiralamalarini goster	O B-city_name O B-transport_type I-transport_type I-transport_type O	atis_ground_service
4072	denver ' da ne tip bir kara tasimaciligi mevcut	B-city_name O O O O O O O O	atis_ground_service
4117	denver ' da hangi kara tasimaciligi mevcut	B-city_name O O O O O O	atis_ground_service
4127	bna ne	B-airport_code O	atis_abbreviation
4130	fiyat kodu y ne ve fiyat kodu h ne	O O B-fare_basis_code O O O O B-fare_basis_code O	atis_abbreviation
4131	ua ne demek	B-airline_code O O	atis_abbreviation
4132	fiyat kodu m ne	O O B-fare_basis_code O	atis_abbreviation
4137	co kisaltmasi ne demek	B-airline_code O O O	atis_abbreviation
4139	us ne demek	B-airline_code O O	atis_abbreviation
4141	havayolu us ne demek	O B-airline_code O O	atis_abbreviation
4142	kod ff	O B-airline_code	atis_abbreviation
4146	bur ne	B-airport_code O	atis_abbreviation
4149	kisitlama ap 80 ne	O B-restriction_code I-restriction_code O	atis_abbreviation
4151	d s yemekler icin ne demek	B-meal_code I-meal_code B-meal O O O	atis_abbreviation
4157	ea ne demek	B-airline_code O O	atis_abbreviation
4236	fiyat kodu f ne demek	O O B-fare_basis_code O O	atis_abbreviation
4259	fiyat kodu qo ne demek	O O B-fare_basis_code O O	atis_abbreviation
4261	dallas ' ta araba kiralama fiyatlari nedir	B-city_name O O B-transport_type I-transport_type O O	atis_ground_fare
4262	atlanta havaalani ' ndan sehir merkezine limuzin ilek gitmek ne kadar tutar	B-fromloc.airport_name O O O O O B-transport_type O O O O O	atis_ground_fare
4264	philadelphia international airport ' taki hava taksi operasyonunun fiyati ne	B-airport_name O O O O B-transport_type O O O O	atis_ground_fare
4281	veritabaninda olan havayollari hangileri	O O O O	atis_airline
4282	us havayolu ne	B-airline_code O O	atis_airline
4283	bana love field ' dan olan havayollarini goster	O B-fromloc.airport_name I-fromloc.airport_name O O O O O	atis_airline
4285	havayolu kodu as	O O B-airline_code	atis_airline
4286	hangi havayollari boston ' dan pittsburgh ' a ucar	O O B-fromloc.city_name O O B-toloc.city_name O O O	atis_airline
4287	lutfen bana hangi havayolunun atlanta ' dan en cok kalkisi oldugunu soyle	O O O O B-fromloc.city_name O O O B-mod O O O	atis_airline
4288	boston ' dan washington dc ' ye baska bir sehirde durarak hangi havayollari ucar	B-fromloc.city_name O O B-toloc.city_name B-toloc.state_code O O O O O O O O O	atis_airline
4289	lutfen denver ' dan boston ' a butun havayilu ucuslarini listele	O B-fromloc.city_name O O B-toloc.city_name O O O O O O	atis_airline
4290	cuma gunu new york ' dan miami ' ye giden havayollari	B-depart_date.day_name O B-fromloc.city_name I-fromloc.city_name O O B-toloc.city_name O O O O	atis_airline
4291	hangi havayollari atlanta ' dan baltimore ' a ucar	O O B-fromloc.city_name O O B-toloc.city_name O O O	atis_airline
4296	boston ' dan oakland ' e ogleden sonra ucusu olan bir havayou var mi	B-fromloc.city_name O O B-toloc.city_name O O B-depart_time.period_of_day I-depart_time.period_of_day O O O O O O	atis_airline
4297	hangi havayollari boston ' dan atlanta ' ya ucar	O O B-fromloc.city_name O O B-toloc.city_name O O O	atis_airline
4298	dl havayolu ne	B-airline_code O O	atis_airline
4300	hangi havayollari boston ' dan denver ' ya ucar	O O B-fromloc.city_name O O B-toloc.city_name O O O	atis_airline
4301	boston ' dan denver ' a ua 281 ucusu ne tip bir havayolu	B-fromloc.city_name O O B-toloc.city_name O O B-airline_code B-flight_number O O O O O	atis_airline
4302	boston ve philadelphia arasinda hangi havayollari ucar	B-fromloc.city_name O B-toloc.city_name O O O O	atis_airline
4303	hangi havayolu dallas ' tan baltimore ' a aralik yirmi dortte en ucuza ucurur	O O B-fromloc.city_name O O B-toloc.city_name O O B-depart_date.month_name B-depart_date.day_number I-depart_date.day_number B-cost_relative O O	atis_airline
4304	bana love field ' a olan veya love field ' dan olan havayollarini goster	O B-fromloc.airport_name I-fromloc.airport_name O O O O B-fromloc.airport_name I-fromloc.airport_name O O O O O	atis_airline
4307	denver ' dan dallas ' a ucusu olan butun havayollarini goster	B-fromloc.city_name O O B-toloc.city_name O O O O O O O	atis_airline
4312	hangi havayollari boston ' dan pittsburgh ' a ucar	O O B-fromloc.city_name O O B-toloc.city_name O O O	atis_airline
4330	boston ' dan denver ' a ua 281 ucusu ne tip bir havayolu	B-fromloc.city_name O O B-toloc.city_name O O B-airline_code B-flight_number O O O O O	atis_airline
4336	hangi havayollari bugun first class ' a sahip	O O B-depart_date.today_relative B-class_type I-class_type O O O	atis_airline
4372	bana love field ' a olan veya love field ' dan olan havayollarini goster	O B-fromloc.airport_name I-fromloc.airport_name O O O O B-fromloc.airport_name I-fromloc.airport_name O O O O O	atis_airline
4410	hangi havayollari boston ' dan atlanta ' ya ucar	O O B-fromloc.city_name O O B-toloc.city_name O O O	atis_airline
4423	general mitchell international nerde	B-airport_name O O O	atis_city
4424	general mitchell international nerde	B-airport_name O O O	atis_city
4443	lutfen pittsburgh ' dan newark ' a butun ucus saatlerini listele	O B-fromloc.city_name O O B-toloc.city_name O O O O B-flight_time O	atis_flight_time
4446	denver ' dan oakland ' a carsamba hangi saatlerde bir ucak bulabilirim	B-fromloc.city_name O O B-toloc.city_name O O B-depart_date.day_name O B-flight_time O O O	atis_flight_time
4448	boston ve baltimore arasindaki carsamba gunu olan coach ucus saatlerini goster	B-fromloc.city_name O B-toloc.city_name O B-depart_date.day_name O O B-class_type O O B-flight_time	atis_flight_time
4451	lutfen pittsburgh ' dan newark ' a butun ucus saatlerini listele	O B-fromloc.city_name O O B-toloc.city_name O O O O B-flight_time O	atis_flight_time
4489	tacoma ' dan orlando ' ya en ucuz fiyat	B-fromloc.city_name O O B-toloc.city_name O O B-cost_relative I-cost_relative O	atis_airfare
4490	pittsburgh ' dan philadelphia ' ya 1000 dolarin altinda gidis donus bilet fiyatlari	B-fromloc.city_name O O B-toloc.city_name O O B-fare_amount O B-cost_relative B-round_trip O O O	atis_airfare
4492	denver ' dan pittsburgh ve atlanta ' ya giden bir bilet hakkinda bilgi almak istiyorum	B-fromloc.city_name O O B-toloc.city_name O B-toloc.city_name O O O O O O O O O	atis_airfare
4498	oakland ' dan dallas ' a 16 aralik ' taki ekonomi sinifi tek yon ucus tarifesini gosterebilir misin	B-fromloc.city_name O O B-toloc.city_name O O B-depart_date.day_number B-depart_date.month_name O O B-economy I-economy B-round_trip I-round_trip O O O O	atis_airfare
4499	charlotte ' tan la ' e carsamba gunu gece olan coach fiyatlari neler	B-fromloc.city_name O O B-toloc.city_name O O B-depart_date.day_name O B-depart_time.period_of_day O B-class_type O O	atis_airfare
4502	baltimore ' dan dallas ' a first class biletin fiyati ne	B-fromloc.city_name O O B-toloc.city_name O O B-class_type I-class_type O O O	atis_airfare
4503	boston ' dan washington ' a ekonomi tasarruf fiyati ne	B-fromloc.city_name O O B-toloc.city_name O O B-economy B-class_type O O	atis_airfare
4504	sehir merkezinden logan havaalanina gitmek ne kadar tutar	O O B-toloc.airport_name O O O O O	atis_airfare
4508	indianapolis ' ten seattle ' a gidis donus tarifesi ne kadardir	B-fromloc.city_name O O B-toloc.city_name O O B-round_trip O O O O	atis_airfare
4513	washington ' dan boston ' a ucus ne kadardir	B-fromloc.city_name O O B-toloc.city_name O O O O O	atis_airfare
4514	atlanta ' dan boston ' a tek yon kasim yedi ' de gitmenin fiyati ne	B-fromloc.city_name O O B-toloc.city_name O O B-round_trip I-round_trip B-depart_date.month_name B-depart_date.day_number O O O O O	atis_airfare
4516	denver ' dan philadelphia ' ya gidis donus 1700 ' dan sonra varan continental ucus fiyatlari neler	B-fromloc.city_name O O B-toloc.city_name O O B-round_trip O B-arrive_time.time O O B-arrive_time.time_relative O B-airline_name O O O	atis_airfare
4518	indianapolis ' ten memphis ' e birinci sinif gidis donus tarife	B-fromloc.city_name O O B-toloc.city_name O O B-class_type I-class_type B-round_trip O O	atis_airfare
4521	atlanta ' dan denver ' a tek yon en ucuz ucuslar neler	B-fromloc.city_name O O B-toloc.city_name O O B-round_trip I-round_trip B-cost_relative I-cost_relative O O	atis_airfare
4524	dallas ' tan atlanta ' ya gidis donus en ucuz fiyat ne	B-fromloc.city_name O O B-toloc.city_name O O B-round_trip O B-cost_relative O O O	atis_airfare
4525	new york ' dan gidis donus miami ' ye ekonomi tarifesi	B-fromloc.city_name I-fromloc.city_name O O B-round_trip O B-toloc.city_name O O B-economy O	atis_airfare
4528	baltimore ' dan atlanta ' ya tek yon en ucuz bilet ne	B-fromloc.city_name O O B-toloc.city_name O O B-round_trip I-round_trip B-cost_relative I-cost_relative O O	atis_airfare
4529	dallas ' tan baltimore ' a tek yon bilet istiyorum	B-fromloc.city_name O O B-toloc.city_name O O B-round_trip I-round_trip O O	atis_airfare
4530	pittsburgh ' tan denver ' a tek yon en ucuz fiyat ne	B-fromloc.city_name O O B-toloc.city_name O O B-round_trip I-round_trip B-cost_relative I-cost_relative O O	atis_airfare
4532	indianapolis ' ten orlando ' ya 27 aralik icin ucus ve tarifelerini ver	B-fromloc.city_name O O B-toloc.city_name O O B-depart_date.day_number B-depart_date.month_name O O O O O	atis_flight airfare
4536	yarin columbus ' tan minneapolis ' e bir ucusa ihtiyacim var	B-depart_date.today_relative B-fromloc.city_name O O B-toloc.city_name O O O O O O	atis_flight
4537	bana pittsburgh ' tan los angeles ' a persembe olan ucuslari goster	O B-fromloc.city_name O O B-toloc.city_name I-toloc.city_name O O B-depart_date.day_name O O O	atis_flight
4538	boston ' dan washington ' a butun ucuslar	B-fromloc.city_name O O B-toloc.city_name O O O O	atis_flight
4541	boston ' dan bwi ' ye en ucuz ucus ne	B-toloc.airport_code O O B-fromloc.city_name O O B-cost_relative I-cost_relative O O	atis_flight
4545	lutfen gelecek hafta persembe gunu boston ' dan pittsburgh ' a ucuslari ver bana	O B-depart_date.date_relative O B-depart_date.day_name O B-fromloc.city_name O O B-toloc.city_name O O O O O	atis_flight
4548	lutfen denver ' dan baltimore ' a united ile butun first class ucuslari listele	O B-fromloc.city_name O O B-toloc.city_name O O B-airline_name O O B-class_type I-class_type O O	atis_flight
4549	atlanta ' dan denver ' a giden bir ucusta yer ayarlamak istiyorum	O O B-toloc.city_name I-toloc.city_name O O O O O B-fromloc.city_name I-fromloc.city_name O	atis_flight
4557	pittsburgh ' dan atlanta ' ya ucus ayarlamak istiyorum	B-fromloc.city_name O O B-toloc.city_name O O O O O	atis_flight
4559	27 ve 28 aralik icin indianapolis ile orlando florida arasindaki gidis donus ucuslarin listesini istiyorum	B-depart_date.day_number O B-depart_date.day_number B-depart_date.month_name O B-fromloc.city_name O B-toloc.city_name B-toloc.state_name O B-round_trip O O O O	atis_flight
4561	bana boston ' dan dallas ' a direk ve baglantili ogleden once varan butun ucuslari goster	O B-fromloc.city_name O O B-toloc.city_name O O O O O B-arrive_time.time B-arrive_time.time_relative O O O O	atis_flight
4562	charlotte ' dan newark ' a bugun aksam kalkan bir ucusa ihtiyacim var	B-fromloc.city_name O O B-toloc.city_name O O B-depart_date.today_relative B-depart_time.period_of_day O O O O O	atis_flight
4563	newark ' dan cleveland ' a ucuslar	B-fromloc.city_name O O B-toloc.city_name O O O	atis_flight
4564	boston ' dan pittsburgh ' a bir sonraki sali gunu saat 6 ' dan sonra hangi ucuslar gider	B-fromloc.city_name I-depart_time.time O B-toloc.city_name I-depart_time.time O O B-depart_date.date_relative B-depart_date.day_name I-depart_date.day_name O B-depart_time.time I-depart_time.time O B-depart_time.time_relative O O O	atis_flight
4565	us air ' in atlanta ' dan denver ' a ucusu var mi	B-airline_name I-airline_name O O B-fromloc.city_name O O B-toloc.city_name O O O O O	atis_flight
4568	denver ' dan atlanta ' ya en pahali ucus ne	B-fromloc.city_name O O B-toloc.city_name O O B-cost_relative O O O	atis_flight
4569	dallas ' tan sali aksam kalkip atlanta ' ya donen ucuslarin bilgilerine ihtiyacim var	B-fromloc.city_name O O B-depart_date.day_name B-depart_time.period_of_day O B-toloc.city_name O O O O O O O	atis_flight
4570	denver ' dan baltimore ' a mayis yedide varan first class united airlines ucuslari neler	B-fromloc.city_name O O B-toloc.city_name O O B-arrive_date.month_name B-arrive_date.day_number O B-class_type I-class_type B-airline_name I-airline_name O O	atis_flight
4571	burbank ' ten tacoma washington ' a ne ucuslarin var	B-fromloc.city_name O O B-toloc.city_name B-toloc.state_name O O O O O	atis_flight
4573	philadelphia ' dan denver ' a bu pazar ucusunda rezervasyon yaptirmak istiyorum	B-fromloc.city_name O O B-toloc.city_name O O B-depart_date.date_relative B-depart_date.day_name O O O O	atis_flight
4574	boston ' dan denver ' a carsamba gunu olan ucuslari goster	B-fromloc.city_name O O B-toloc.city_name O O B-depart_date.day_name O O O O	atis_flight
4575	bana boston ' dan baltimore ' a olan ucuslari goster	O B-fromloc.city_name O O B-toloc.city_name O O O O O	atis_flight
4577	denver ' dan pittsburgh ' a bilgisine ihtiyacim var	B-fromloc.city_name O O B-toloc.city_name O O O O O	atis_flight
4578	seattle ' dan salt lake city ' e	B-fromloc.city_name O O B-toloc.city_name I-toloc.city_name I-toloc.city_name O O	atis_flight
4579	boston ' dan bwi ' ye atistirmalik sunan en erken ucus ne	B-fromloc.city_name O O B-toloc.airport_code O O B-meal_description O B-flight_mod I-flight_mod O O	atis_flight
4581	general mitchell international ' a giren butun ucuslari listele	B-fromloc.airport_name I-fromloc.airport_name I-fromloc.airport_name O O O O O O	atis_flight
4583	indianapolis ' den seattle ' a butun ucuslari listele	B-fromloc.city_name O O B-toloc.city_name O O O O O	atis_flight
4584	cumartesi oakland ' dan philadelphia ' ya yemekli ucus	B-depart_date.day_name B-fromloc.city_name O O B-toloc.city_name O O B-meal O	atis_flight
4586	baltimore ' dan boston ' a yemekli ilk ucusu istiyorum	B-fromloc.city_name O O B-toloc.city_name O O B-meal B-flight_mod O O	atis_flight
4594	boston ve washington arasinda saat 4 pm ' den sonra ne direk ucuslar	B-fromloc.city_name O B-toloc.city_name O O B-arrive_time.time O O O B-arrive_time.time_relative O B-flight_stop O	atis_flight
4596	canadian airlines international nereye ucar	B-airline_name O O O O	atis_flight
4597	denver ' dan pittsburgh ' a sabah 8 ' den once hangi ucuslar	B-fromloc.city_name O O B-toloc.city_name O O B-arrive_time.period_of_day B-arrive_time.time O O B-arrive_time.time_relative O O	atis_flight
4598	boston ' dan atlanta ' ya en erken ucusu bul	B-fromloc.city_name I-toloc.city_name O B-toloc.city_name I-toloc.city_name O B-flight_mod I-flight_mod I-flight_mod O	atis_flight
4599	houston ' dan dallas ' a geceyarisindan once varan duraklamasiz ucuslari listele	B-fromloc.city_name O O B-toloc.city_name O O B-arrive_time.period_of_day B-arrive_time.time_relative O B-flight_stop O O	atis_flight
4602	baltimore ' dan dallas ' a olan ucuslari goster	B-fromloc.city_name O O B-toloc.city_name O O O O O	atis_flight
4603	columbus ' tan cincinnati ' de duraklayip phoenix ' e giden ve aksam yemekli veren bir ucus istiyorum ne mevcut	B-fromloc.city_name O O B-stoploc.city_name O O O B-toloc.city_name O O O O B-meal_description I-meal_description O O O O O O	atis_flight
4605	dallas ' tan oakland ' a ucuslari goster	B-fromloc.city_name O O B-toloc.city_name O O O O	atis_flight
4606	charlotte ' dan long beach ' e en ucuz ucusu ver	B-fromloc.city_name O O B-toloc.city_name I-toloc.city_name O O B-cost_relative I-cost_relative O O	atis_flight
4609	bana love field ' dan kalkan son ucusu goster	O B-fromloc.airport_name I-fromloc.airport_name O O O B-flight_mod O O	atis_flight
4610	newark ' tan boston ' a 5 pm ' den sonra hangi ucuslar gider	B-fromloc.city_name O O B-toloc.city_name O O B-depart_time.time I-depart_time.time O O B-depart_time.time_relative O O O	atis_flight
4611	boston ' dan dallas ' a ucuslar neler	B-fromloc.city_name O O B-toloc.city_name O O O O	atis_flight
4613	pittsburgh ' tan atlanta ' ya temmuz beste en erken ucus ne	B-fromloc.city_name O O B-toloc.city_name O O B-depart_date.month_name B-depart_date.day_number B-flight_mod I-flight_mod O O	atis_flight
4614	lutfen gelecek cumartesi philadelphia ' dan dallas ' a yer olan ucuslari listele	O B-depart_date.date_relative B-depart_date.day_name B-fromloc.city_name O O B-toloc.city_name O O O O O O	atis_flight
4615	pittsburgh ' tan los angeles ' a sali 5 pm ' den sonra varan hangi ucuslar ayrilir	B-fromloc.city_name O O B-toloc.city_name I-toloc.city_name O O B-arrive_date.day_name B-arrive_time.time I-arrive_time.time O O B-arrive_time.time_relative O O O O	atis_flight
4617	american airlines ' in hizmet siniflari neler	B-airline_name I-airline_name O O O O O	atis_flight
4622	baltimore ' dan boston icin cuma saat 6 ' dan sonra hangi ucuslar ayrilir	B-fromloc.city_name O O B-toloc.city_name O B-depart_date.day_name B-depart_time.time I-depart_time.time O O B-depart_time.time_relative O O O	atis_flight
4626	boston ' dan atlanta ' ya ucuslar hakkinda bilgi almak istiyorum	B-fromloc.city_name O O B-toloc.city_name O O O O O O O	atis_flight
4627	bana denver ' dan washington dc ' ye olan aktarmasiz son ucusu goster	O B-fromloc.city_name O O B-toloc.city_name B-toloc.state_code O O O B-flight_stop B-flight_mod O O	atis_flight
4628	dallas ' tan baltimore ' a olan ucuslar neler	B-fromloc.city_name O O B-toloc.city_name O O O O O	atis_flight
4629	new york ' dan las vegas ' a 2 mart ' taki direkt bir ucus istiyorum	B-fromloc.city_name I-fromloc.city_name O O B-toloc.city_name I-toloc.city_name O O B-arrive_date.day_number B-arrive_date.month_name O O B-flight_stop O O O	atis_flight
4630	hayir denver ' dan oakland ' a gitmek istiyorum	O B-fromloc.city_name O O B-toloc.city_name O O O O	atis_flight
4631	dokuz temmuz oglen orlando ' dan kansas city ' e bir ucus istiyorum	B-depart_date.day_number B-depart_date.month_name B-depart_time.period_of_day B-fromloc.city_name O O B-toloc.city_name I-toloc.city_name O O O O O	atis_flight
4641	tabi philadelphia ' dan dallas ' a gitmek istiyorum	O B-fromloc.city_name O O B-toloc.city_name O O O O	atis_flight
4642	bana dallas ' tan ayrilan united airlines ucuslarini goster	O B-fromloc.city_name O O O B-airline_name I-airline_name O O	atis_flight
4643	phoenix ve las vegas arasindaki butun ucuslari listeleyebilir misin	B-fromloc.city_name O B-toloc.city_name I-toloc.city_name O O O O O	atis_flight
4644	baltimore ' dan philadelphia ' ya butun ucuslari listele	B-fromloc.city_name O O B-toloc.city_name O O O O O	atis_flight
4648	bana denver ' dan atlanta ' ya olan ucuslari goster	O B-fromloc.city_name O O B-toloc.city_name O O O O O	atis_flight
4649	boston ' dan dallas ' a ne delta ucuslari var	B-fromloc.city_name O O B-toloc.city_name O O O B-airline_name O O	atis_flight
4651	bana atlanta ' dan baltimore ' a sabah ayrilan ucuslari goster	O B-fromloc.city_name O O B-toloc.city_name O O B-depart_time.period_of_day O O O	atis_flight
4652	american airlines hangi ucuslari sunar	B-airline_name I-airline_name O O O	atis_flight
4661	dallas ' tan atlanta ' ya sali sabah erken duraklamasiz ucuslari listele	B-fromloc.city_name O O B-toloc.city_name O O B-arrive_date.day_name B-arrive_time.period_of_day B-arrive_time.period_mod B-flight_stop O O	atis_flight
4663	dallas fort worth ' den boston ' a sabah 10 ' dan once kalkan bir ucus var mi	B-fromloc.city_name O O O O B-toloc.city_name O O B-depart_time.time I-depart_time.time O O B-depart_time.time_relative O O O O O	atis_flight
4664	bana baltimore ' a saat 6 ' dan sonra olan ucuslari goster	O B-toloc.city_name O O O B-depart_time.time O O B-depart_time.time_relative O O O	atis_flight
4666	denver ' da ogleden once duran united airlines ucuslari	B-stoploc.city_name O O B-depart_time.time B-depart_time.time_relative O B-airline_name I-airline_name O	atis_flight
4667	newark ' tan boston ' a sabah 1024 ' ten sonra hangi ucuslar gider	B-fromloc.city_name O O B-toloc.city_name O O B-depart_time.period_of_day B-depart_time.time O O B-depart_time.time_relative O O O	atis_flight
4674	las vegas ' tan phoenix ' e	B-fromloc.city_name I-fromloc.city_name O O B-toloc.city_name O O	atis_flight
4675	pittsburgh ' dan atlanta ' ya pazartesi ogleden sonra olan ucuslari goster	B-fromloc.city_name O O B-toloc.city_name O O B-depart_date.day_name B-depart_time.period_of_day I-depart_time.period_of_day O O O	atis_flight
4676	bana pittsburgh ' dan baltimore ' a haziran ondortte olan en az oturma kapasiteli ucuslari goster	O B-fromloc.city_name O O B-toloc.city_name O O B-arrive_date.month_name B-arrive_date.day_number O B-mod O O O O O	atis_flight
4679	boston ' dn atlanta ' ya gunluk ucuslari listele	B-fromloc.city_name O O B-toloc.city_name O O B-flight_days O O	atis_flight
4685	nashville ' den orlando ' ya gunluk ucuslar	B-fromloc.city_name O O B-toloc.city_name O O B-flight_days O	atis_flight
4688	toronto ' dan atlanta ' ya ogleden sonra	B-fromloc.city_name O O B-toloc.city_name O O B-depart_time.period_of_day I-depart_time.period_of_day	atis_flight
4690	carsamba gunu pittsburgh ' dan atlanta ' ya ilk ucusu goster	B-depart_date.day_name O B-fromloc.city_name O O B-toloc.city_name O O B-flight_mod O O	atis_flight
4691	ozur dilerim twa ile ucmak istiyorum oakland boston arasinda dallas fort worth ' ta duraklayan bir twa ucusu var mi	O O B-airline_code O O O B-fromloc.city_name B-toloc.city_name O B-stoploc.city_name I-stoploc.city_name I-stoploc.city_name O O O O B-airline_code O O O	atis_flight
4693	pittsburgh ' tan los angeles ' a ne ucuslar var	B-fromloc.city_name O O B-toloc.city_name I-toloc.city_name O O O O O	atis_flight
4695	washington ' a en pahali nasil ucabilirim	B-toloc.city_name O O B-cost_relative I-cost_relative O O	atis_flight
4696	houston ' dan milwaukee ' ye cuma american airlines ' ta hangi ucuslar	B-fromloc.city_name O O B-toloc.city_name O O B-depart_date.day_name B-airline_name O O O O O	atis_flight
4698	bana miami ' den cleveland ' a pazar ogleden sonra olan en ucuz ucuslari goster	O B-fromloc.city_name O O B-toloc.city_name O O B-depart_date.day_name B-depart_time.time B-depart_time.time_relative O B-cost_relative I-cost_relative O O	atis_flight
4699	newark ' tan tampa ' ya ne ucuslar var	B-fromloc.city_name O O B-toloc.city_name O O O O O	atis_flight
4701	denver ' dan oakland ' a saat 12 ve 1 arasi varan ucuslari goster	B-fromloc.city_name O O B-toloc.city_name O O B-arrive_time.end_time B-arrive_time.start_time O I-arrive_time.end_time O O O O	atis_flight
4703	denver ' dan baltimore ' a ucuslari ver	B-fromloc.city_name O O B-toloc.city_name O O O O	atis_flight
4705	denver ' dan washington dc ' ye persembe olan ucuslari goster	B-fromloc.city_name O O B-toloc.city_name B-toloc.state_code O O B-depart_date.day_name O O O	atis_flight
4708	boston ' dan atlanta ' ya olan ucuslar neler	B-fromloc.city_name O O B-toloc.city_name O O O O O	atis_flight
4712	atlanta ' dan baltimore ' a ne ucuslar var	B-fromloc.city_name O O B-toloc.city_name O O O O O	atis_flight
4719	cleveland ' dan miami ' ye ucuslar	B-fromloc.city_name O O B-toloc.city_name O O O	atis_flight
4720	pittsburgh ' dan los angeles ' a persembe aksam ucuslarini ver	B-fromloc.city_name O O B-toloc.city_name I-toloc.city_name O O B-depart_date.day_name B-depart_time.period_of_day O O	atis_flight
4724	denver ' dan pittsburgh ' a atlanta ' da durarak giden bir ucus var mi	B-fromloc.city_name O O B-toloc.city_name O O B-stoploc.city_name O O O O O O O O	atis_flight
4725	general mitchell international ' a varan butun ucuslari listele	B-toloc.airport_name I-toloc.airport_name I-toloc.airport_name O O O O O O	atis_flight
4730	detroit ' ten westchester county ' ye tek yon en pahali ucuslari goster	B-fromloc.city_name O O B-toloc.city_name I-toloc.city_name O O B-round_trip I-round_trip B-cost_relative I-cost_relative O O	atis_flight
4732	denver ' dan washington dc ' ye 11 kasim 1991 pazartesi gunu	B-fromloc.city_name O O B-toloc.city_name B-toloc.state_code O O B-depart_date.day_number B-depart_date.month_name B-depart_date.year B-depart_date.day_name O	atis_flight
4733	lutfen boston ' dan denver ' a yemek veren butun ucuslari listele	O B-fromloc.city_name O O B-toloc.city_name O O B-meal O O O O	atis_flight
4735	pittsburgh ' dan baltimore ' a ucuslari ver	B-fromloc.city_name O O B-toloc.city_name O O O O	atis_flight
4736	long beach ' ten memphis ' e en ucuz ucus ne	B-fromloc.city_name I-fromloc.city_name O O B-toloc.city_name O O B-cost_relative I-cost_relative O O	atis_flight
4737	pittsburgh ' dan denver ' a	B-fromloc.city_name O O B-toloc.city_name O O	atis_flight
4741	boston ' dan pittsburgh ' a ucuslar	B-fromloc.city_name O O B-toloc.city_name O O O	atis_flight
4742	pittsburgh ' tan atlanta ' ya aksamlari hangi ucuslar gider	B-fromloc.city_name O O B-toloc.city_name O O B-depart_time.period_of_day O O O	atis_flight
4743	milwaukee ' den phoenix ' e cumartesi veya pazar gunku american havayollari ucuslarini ver	B-fromloc.city_name O O B-toloc.city_name O O B-depart_date.day_name O B-depart_date.day_name O B-airline_name I-airline_name O O	atis_flight
4744	baltimore denver veya pittsburgh ' dan kalkan ve philadelphia ' ya varan butun ucuslari listele	B-fromloc.city_name B-fromloc.city_name B-or B-fromloc.city_name O O O O B-toloc.city_name O O O O O O	atis_flight
4745	bana baltimore ' dan oakland ' a olan ucuslari goster	O B-fromloc.city_name O O B-toloc.city_name O O O O O	atis_flight
4747	milwaukee ' den orlando ' ya carsamba gece olan ucuslari goster	B-fromloc.city_name O O B-toloc.city_name O O B-depart_date.day_name B-depart_time.period_of_day O O O	atis_flight
4749	oakland ve denver arasinda hangi sabah ucuslarin var	B-fromloc.city_name O B-toloc.city_name O O B-depart_time.period_of_day O O	atis_flight
4755	persembe gunleri pittsburgh ' dan atlanta ' ya ilk ucuslar	B-depart_date.day_name O B-fromloc.city_name O O B-toloc.city_name O O B-flight_mod O	atis_flight
4756	bana baltimore ' dan atlanta ' ya olan ucuslari goster	O B-fromloc.city_name O O B-toloc.city_name O O O O O	atis_flight
4761	bana pittsburgh ' tan baltimore ' a olan ucuslari goster	O B-fromloc.city_name O O B-toloc.city_name O O O O O	atis_flight
4766	bana baltimore ' dan ayrilan ucuslari goster	O B-fromloc.city_name O O O O O	atis_flight
4767	bana philadelphia ' dan boston ' a olan ucuslari goster	O B-fromloc.city_name O O B-toloc.city_name O O O O O	atis_flight
4769	boston ve pittsburgh arasi agustos ondaki ucuslar neler	B-fromloc.city_name O B-toloc.city_name O B-depart_date.month_name B-depart_date.day_number O O	atis_flight
4770	milwaukee ' den orlando ' ya carsamba olan tek yon ucuslari goster	B-fromloc.city_name O O B-toloc.city_name O O B-depart_date.day_name O B-round_trip I-round_trip O O	atis_flight
4771	bana yarin pittsburgh ' dan baltimore ' a yemek veren butun ucuslari goster	O B-depart_date.today_relative B-fromloc.city_name O O B-toloc.city_name O O B-meal O O O O	atis_flight
4772	milwaukee ' den phoenix ' e american havayollari ucuslarini ver	B-fromloc.city_name O O B-toloc.city_name O O B-airline_name I-airline_name O O	atis_flight
4774	boston ' dan washington ' a ucmak istiyorum lutfen bana bir havayolu bulun	B-fromloc.city_name O O B-toloc.city_name O O O O O O O O O	atis_flight
4775	lutfen yirmi yedi temmuz ' da dallas fort worth ' den dc baltimore ' a ucuslari listele	O B-depart_date.day_number I-depart_date.day_number B-depart_date.month_name O O B-fromloc.city_name I-fromloc.city_name I-fromloc.city_name O O B-toloc.state_code B-toloc.city_name O O O O	atis_flight
4777	bana charlotte ' tan baltimore ' a sali sabah ucuslarini goster	O B-fromloc.city_name O O B-toloc.city_name O O B-depart_date.day_name B-depart_time.period_of_day O O	atis_flight
4779	baltimore ' a ucuslar	B-toloc.city_name O O O	atis_flight
4782	chicago ' dan seattle ' a cuma gunu continental ucuslarini ver	B-fromloc.city_name O O B-toloc.city_name O O B-depart_date.day_name I-depart_date.day_name B-airline_name O O	atis_flight
4783	baltimore ve denver arasindaki agustos onikide olan united airlines ucuslari neler	B-fromloc.city_name O B-toloc.city_name O B-depart_date.month_name B-depart_date.day_number O B-airline_name I-airline_name O O	atis_flight
4792	carsamba gunu phoenix ' ten milwaukee ' ye saat 4 ' ten sonra varan butun american airlines ucuslarini listele	B-arrive_date.day_name O B-fromloc.city_name O O B-toloc.city_name O O B-arrive_time.time I-arrive_time.time O O B-arrive_time.time_relative O O B-airline_name O O O	atis_flight
4795	dort mayis ' ta atlanta ' den denver ' a delta ucus numarasi 257	B-depart_date.day_number B-depart_date.month_name O O B-fromloc.city_name O O B-toloc.city_name O O B-airline_name O O B-flight_number	atis_flight
4796	bana indianapolis ' ten butun ucuslari goster	O B-fromloc.city_name O O O O O	atis_flight
4797	denver ' dan baltimore ' a ya da washington dc ' ye ucuslar hangileri	B-fromloc.city_name O O B-toloc.city_name O O B-or I-or B-toloc.city_name B-toloc.state_code O O O O	atis_flight
4799	orlando ' dan kansas city ' e sonra da minneapolis ' e butun gidis donus ucuslari listeleyebilir misin	B-fromloc.city_name O O B-toloc.city_name I-toloc.city_name O O O O B-toloc.city_name O O O B-round_trip O O O O	atis_flight
4803	seattle ' dan minneapolis ' e pazar ne ucuslar var	B-fromloc.city_name O O B-toloc.city_name O O B-depart_date.day_name O O O	atis_flight
4807	pittsburgh ' dan atlanta ' ya pazartesi sabah olan ucuslari goster	B-fromloc.city_name O O B-toloc.city_name O O B-depart_date.day_name B-depart_time.period_of_day O O O	atis_flight
4808	phoenix ' den sfo ' a butun ucuslar	B-fromloc.city_name O O B-toloc.airport_code O O O O	atis_flight
4810	boston ' dan denver ' a american airlines ucusu var mi	B-airline_name O O B-toloc.city_name O O B-fromloc.city_name O O O O	atis_flight
4814	yirmi iki temmuz ' da boston ' dan dc ' ye american airlines ile butun ucuslarin listesini goster bana	B-depart_date.day_number O B-depart_date.month_name O O B-fromloc.city_name O O B-toloc.state_code O O B-airline_name O O O O O O O	atis_flight
4819	fiyat kodu us ne demek	O O B-airline_code O O	atis_flight
4820	denver ' dan pittsburgh ' a bir ucus istiyorum	B-fromloc.city_name O O B-toloc.city_name O O O O O	atis_flight
4823	oakland ' dan salt lake city ' ya butun ucuslari gosterebilir misin	B-fromloc.city_name O O B-toloc.city_name I-toloc.city_name I-toloc.city_name O O O O O O	atis_flight
4826	pittsburgh ve atlanta arasi ne ucuslarin var	B-fromloc.city_name O B-toloc.city_name O O O O	atis_flight
4827	bana denver ' dan westchester county ' ye olan ucuslari goster	B-toloc.city_name I-toloc.city_name O O O O O B-fromloc.city_name I-fromloc.city_name O O	atis_flight
4828	denver ' dan atlanta ' ya bir ucusun bilgisine ihtiyacim var	B-fromloc.city_name O O B-toloc.city_name O O O O O O O	atis_flight
4830	atlanta ' dan pittsburgh ' a tek yon en ucuz ucus ne	B-fromloc.city_name O O B-toloc.city_name O O B-round_trip I-round_trip B-cost_relative I-cost_relative O O	atis_flight
4832	new york ve miami arasi gidis donus ucuslar	B-fromloc.city_name I-fromloc.city_name O B-toloc.city_name O B-round_trip I-round_trip O	atis_flight
4833	detroit ' ten westchester county ' ye tek yon en pahali ucuslari goster	B-fromloc.city_name O O B-toloc.city_name I-toloc.city_name O O B-round_trip I-round_trip B-cost_relative O O O	atis_flight
4834	newark ' tan chicago ' ya ne continental ucuslari var	B-fromloc.city_name O O B-toloc.city_name O O O B-airline_name O O	atis_flight
4838	boston ' dan baltimore washington ' a ucabilir miyim	B-fromloc.city_name O O B-toloc.city_name B-toloc.city_name O O O O	atis_flight
4846	denver ' dan philadelphia ' ya ucusunuz var mi ogrenmek istiyorum	B-fromloc.city_name O O B-toloc.city_name O O O O O O O	atis_flight
4847	atlanta ' dan denver ' a tek yon olan en ucuz ucuslar neler	B-fromloc.city_name O O B-toloc.city_name O O O B-round_trip I-round_trip B-cost_relative I-cost_relative O O	atis_flight
4858	baltimore ' dan atlanta ' ya ucuslari gormek istiyorum	B-fromloc.city_name O O B-toloc.city_name O O O O O	atis_flight
4859	lutfen bana yirmi sekiz las vegas ' tan detroit ' e ucuslari goster	O O B-depart_date.day_number I-depart_date.day_number B-fromloc.city_name I-fromloc.city_name O O B-toloc.city_name O O O O	atis_flight
4860	boston ' dan oakland ' a 813 numarali american ucusu duraklamasiz ucus mu	B-fromloc.city_name O O B-toloc.city_name O O B-flight_number O B-airline_name O B-flight_stop O O	atis_flight
4861	washington dc ' den philadelphia ' ya 2 aralik icin ucuslari ver	B-fromloc.city_name B-fromloc.state_code O O B-toloc.city_name O O B-depart_date.day_number B-depart_date.month_name O O O	atis_flight
4867	atlanta ' dan washington ' a hangi ucuslar	B-fromloc.city_name O O B-toloc.city_name O O O O	atis_flight
4869	cincinnati ' den denver ' a american havayollari ucuslari	B-fromloc.city_name O O B-toloc.city_name O O B-airline_name O O	atis_flight
4870	denver ' dan pazar gunu 2134 ' ten sonra kalkan butun continental ucuslari listele	B-fromloc.city_name O O B-depart_date.day_name O B-depart_time.time O O B-depart_time.time_relative O O B-airline_name O O	atis_flight
4871	bana charlotte ' dan butun ucuslari goster	O B-fromloc.city_name O O O O O	atis_flight
4877	pittsburgh ' dan philadelphia ' ya olan ucuslari goster	B-fromloc.city_name O O B-toloc.city_name O O O O O	atis_flight
4878	bana philadelphia ' dan atlanta ' ya olan ucuslari goster	O O O B-toloc.city_name I-toloc.city_name O B-fromloc.city_name I-fromloc.city_name O O	atis_flight
4879	philadelphia ' dan dallas ' a ogleden sonra 1 ' den once varan	B-fromloc.city_name O O B-toloc.city_name O O B-arrive_time.period_of_day I-arrive_time.period_of_day B-arrive_time.time O B-arrive_time.time_relative I-arrive_time.time_relative O	atis_flight
4880	tampa ' dan montreal ' a bir ucusa ihtiyacim var	B-fromloc.city_name O O B-toloc.city_name O O O O O O	atis_flight
4882	philadelphia ' dan dallas ' a cumartesi sabah nelerin var	B-fromloc.city_name O O B-toloc.city_name O O B-depart_date.day_name B-depart_time.period_of_day O O	atis_flight
4888	denver colorado ' dan pittsburgh pennsylvania ' ya carsamba sonra 5 pm ' den olan ucuslari goster	B-fromloc.city_name B-fromloc.state_name O O B-toloc.city_name B-toloc.state_name O O B-depart_date.day_name B-depart_time.time_relative B-depart_time.time I-depart_time.time O O O O O	atis_flight
4889	atlanta ve boston arasindaki ucus bilgilerine ihtiyacim var	B-fromloc.city_name O B-toloc.city_name O O O O O	atis_flight
4890	las vegas ' tan new york ' a olan ucus seceneklerim neler	B-fromloc.city_name I-fromloc.city_name O O B-toloc.city_name I-toloc.city_name O O O O O O	atis_flight
4896	bana love field ' a olan ucuslari goster	O B-toloc.airport_name I-toloc.airport_name O O O O O	atis_flight
4903	kac tane rezervasyon sinifi var	O O O O O	atis_quantity
4904	boston ' dan dallas fort worth ' e sabah 9 ' dan once kalkan ucuslarin sayisini listele	B-fromloc.city_name O O B-toloc.city_name O O O O B-depart_time.period_of_day B-depart_time.time O O B-depart_time.time_relative O O O O	atis_quantity
4908	cleveland ' dan dallas ' a bir ucusta ne tip bir ucak kullanilir	B-fromloc.city_name O O B-toloc.city_name O O O O O O O O O	atis_aircraft
4909	american airlines tarafindan ne tip ucaklar kullanilir	B-airline_name I-airline_name O O O O O	atis_aircraft
4910	delta ne tip ucaklar ucurur	B-airline_name O O O O	atis_aircraft
4913	boston ' dan washington ' a ucak var mi	B-fromloc.city_name O O B-toloc.city_name O O O O O	atis_aircraft
4915	pittsburgh ' tan baltimore ' a sekiz onbeste ucan en kucuk ucak ne	B-fromloc.city_name O O B-toloc.city_name O O B-depart_time.time O O B-mod I-mod O O	atis_aircraft
4916	orlando ' daki havaalani ne	B-city_name O O O O	atis_airport
4918	denver ' da ne tip bir kara tasimaciligi mevcut	B-city_name O O O O O O O O	atis_ground_service
4919	bana denver ' daki kara tasimaciligini goster	O B-city_name O O O O O	atis_ground_service
4920	atlanta yer tasimaciligi	B-city_name O O	atis_ground_service
4921	bana dallas ' daki kara tasimaciliginin listesini goster	O B-city_name O O O O O O	atis_ground_service
4922	philadelphia havaalanindan sehir sinirina kara tasimaciligi ne	B-fromloc.airport_name O O O O O O	atis_ground_service
4924	lutfen bana denver ' daki kara tasimaciliginin listesini goster	O O B-city_name O O O O O O	atis_ground_service
4925	havaalanindan boston ' a ulasim suresi ne kadar	O B-toloc.city_name O O O B-time O O	atis_ground_service
4927	denver ' da ara tasimaciligi mevcut mu	B-city_name O O O O O O	atis_ground_service
4928	seattle ' da ne tip bir kara tasimaciligi onerebilirsin	B-city_name O O O O O O O O	atis_ground_service
4929	bana baltimore ' daki araba kiralamalarini goster	O B-city_name O B-transport_type I-transport_type I-transport_type O	atis_ground_service
4930	dallas ' ta havaalanindan sehir merkezine gitmek ne kadar surer	B-city_name O O O O O O O O O	atis_ground_service
4931	minneapolis yer ulasimi	B-city_name O O	atis_ground_service
4932	boston ' da havaalanindan kara tasimaciligi var mi	B-city_name O O O O O O O	atis_ground_service
4933	washington dc ' de ne tip bir kara tasimaciligi mevcut	B-city_name B-state_code O O O O O O O O	atis_ground_service
4934	philadelphia ' daki havaalandan sehir merkezine kara tasimaciliginin plani ne	B-fromloc.city_name O O O O O O O B-flight_time O	atis_ground_service
4935	westchester county ' de yer ulasimi	B-city_name I-city_name O O O O	atis_ground_service
4937	denver ve sehir merkezi arasinda hangi kara tasimaciligi mevcut	B-fromloc.city_name O O O O O O O O	atis_ground_service
4944	c rezervasyon sinifi ne	B-fare_basis_code O O O	atis_abbreviation
4945	fiyat kodu q ne demek	O O B-fare_basis_code O O	atis_abbreviation
4947	fiyat kodu f ne demek	O O B-fare_basis_code O O	atis_abbreviation
4948	fiya kodu h ne	O O B-fare_basis_code O	atis_abbreviation
4949	fiyat kodu qw ne demek	O O B-fare_basis_code O O	atis_abbreviation
4952	mco ne	B-airport_code O	atis_abbreviation
4955	fiya kodu yn ne	O O B-fare_basis_code O	atis_abbreviation
4956	ap 57 kisiti ne demek	B-restriction_code I-restriction_code O O O	atis_abbreviation
4957	pittsburgh icinde limuzin servisi ne kadardir	B-city_name O B-transport_type I-transport_type O O	atis_ground_fare
4958	hangi havayolu denver pittsburgh ve atlantaya gider	O O B-fromloc.city_name B-fromloc.city_name O O O	atis_airline
4959	bana first class ' i olan havayollarini goster	O B-class_type I-class_type O O O O O	atis_airline
4961	hangi havayollari new york ' tan milwaukee ' ye los angeles ' a ucar	O O B-fromloc.city_name I-fromloc.city_name O O B-stoploc.city_name O O B-toloc.city_name I-toloc.city_name O O O	atis_airline
4964	hangi havayollari bugun first class ' a sahip	O O B-depart_date.today_relative B-class_type I-class_type O O O	atis_airline
4965	butun havayollari icinde hangi havayolunun en cok denver ' a varisi var	O O O O O O B-mod B-toloc.city_name O O O O	atis_airline
4966	hangi havayolu pittsburgh ' tan ayrilan ve baltimore ' a temmuz ondortte varan en kucuga sahip	O O B-fromloc.city_name O O O O B-toloc.city_name O O B-arrive_date.month_name B-arrive_date.day_number O B-mod O O	atis_airline
4970	hangi havayolu business class ucus saglar	O O B-class_type I-class_type O O	atis_airline
4971	boston ve pittsburgh arasinda hangi havayollari ucar	B-fromloc.city_name O B-toloc.city_name O O O O	atis_airline
4972	hangi havayollari philadelphia ve pittsburgh ucuslara sahip	O O B-fromloc.city_name O B-toloc.city_name O O	atis_airline
4973	mco havaalani hangi sehirde	B-fromloc.airport_code O O O	atis_city
4976	united airlines ile boston ' dan dallas ' a ucus saatlerini ver bana	B-airline_name I-airline_name O B-fromloc.city_name O O B-toloc.city_name O O B-flight_time O O O	atis_flight_time
